Date,Close,High,Low,Open,Volume
2025-02-25,4.440000057220459,5.400000095367432,4.050000190734863,4.190000057220459,2611300
2025-02-26,4.139999866485596,4.460000038146973,4.0,4.440000057220459,217800
2025-02-27,4.170000076293945,4.429999828338623,4.0,4.110000133514404,303200
2025-02-28,4.172999858856201,4.377999782562256,4.079999923706055,4.099999904632568,362300
2025-03-03,4.199999809265137,4.440000057220459,4.150000095367432,4.239999771118164,909800
2025-03-04,4.199999809265137,4.3979997634887695,4.0,4.28000020980835,112900
2025-03-05,4.09499979019165,4.400000095367432,4.090000152587891,4.260000228881836,45000
2025-03-06,4.119999885559082,4.300000190734863,4.090000152587891,4.099999904632568,67900
2025-03-07,4.019999980926514,4.190000057220459,4.0,4.099999904632568,170500
2025-03-10,3.91100001335144,4.090000152587891,3.75,4.010000228881836,123400
2025-03-11,4.059999942779541,4.199999809265137,3.910000085830689,3.910000085830689,46700
2025-03-12,4.039999961853027,4.090000152587891,3.990000009536743,3.990000009536743,8300
2025-03-13,4.010000228881836,4.170000076293945,4.010000228881836,4.039999961853027,123700
2025-03-14,4.089000225067139,4.099999904632568,3.859999895095825,4.001999855041504,219300
2025-03-17,4.039999961853027,4.053999900817871,3.9700000286102295,4.010000228881836,201300
2025-03-18,4.039999961853027,4.050000190734863,3.9600000381469727,4.010000228881836,7800
2025-03-19,4.21999979019165,4.380000114440918,4.000999927520752,4.090000152587891,115900
2025-03-20,4.210000038146973,4.380000114440918,4.099999904632568,4.21999979019165,352700
2025-03-21,4.210000038146973,4.260000228881836,4.019999980926514,4.130000114440918,75000
2025-03-24,4.179999828338623,4.369999885559082,4.079999923706055,4.21999979019165,35000
2025-03-25,4.150000095367432,4.198999881744385,4.019000053405762,4.159999847412109,192500
2025-03-26,4.239999771118164,4.239999771118164,4.001999855041504,4.150000095367432,55800
2025-03-27,4.3470001220703125,4.349999904632568,4.050000190734863,4.230000019073486,217900
2025-03-28,4.554999828338623,4.554999828338623,4.139999866485596,4.159999847412109,218900
2025-03-31,4.880000114440918,5.197999954223633,4.309999942779541,4.309999942779541,89200
2025-04-01,5.0,5.164999961853027,4.610000133514404,5.039999961853027,137900
2025-04-02,5.179999828338623,5.190000057220459,4.840000152587891,4.949999809265137,249600
2025-04-03,5.300000190734863,5.480000019073486,5.0,5.190000057220459,73900
2025-04-04,5.489999771118164,5.489999771118164,5.110000133514404,5.28000020980835,40100
2025-04-07,5.1479997634887695,5.5,5.0,5.289999961853027,168200
2025-04-08,4.130000114440918,5.199999809265137,3.630000114440918,5.079999923706055,477100
2025-04-09,4.739999771118164,4.800000190734863,4.190000057220459,4.400000095367432,144100
2025-04-10,4.704999923706055,4.923999786376953,4.400000095367432,4.5,93500
2025-04-11,4.5,4.949999809265137,4.110000133514404,4.699999809265137,310300
2025-04-14,4.480000019073486,4.679999828338623,4.25,4.679999828338623,81800
2025-04-15,4.309999942779541,4.429999828338623,4.119999885559082,4.119999885559082,36400
2025-04-16,4.409999847412109,4.5,4.199999809265137,4.349999904632568,48800
2025-04-17,4.449999809265137,4.627999782562256,4.340000152587891,4.400000095367432,78700
2025-04-21,4.420000076293945,4.800000190734863,4.300000190734863,4.401999950408936,64200
2025-04-22,4.409999847412109,4.420000076293945,4.269999980926514,4.420000076293945,2700
2025-04-23,4.400000095367432,4.460000038146973,4.255000114440918,4.389999866485596,12100
2025-04-24,4.439000129699707,4.47599983215332,4.150000095367432,4.150000095367432,11600
2025-04-25,4.329999923706055,4.480000019073486,4.329999923706055,4.480000019073486,33600
2025-04-28,4.169000148773193,4.559999942779541,3.900000095367432,4.449999809265137,249900
2025-04-29,4.179999828338623,4.300000190734863,4.099999904632568,4.159999847412109,108800
2025-04-30,4.090000152587891,4.230000019073486,4.019999980926514,4.170000076293945,46200
2025-05-01,4.070000171661377,4.326000213623047,4.050000190734863,4.326000213623047,52900
2025-05-02,4.170000076293945,4.25,3.859999895095825,4.099999904632568,79900
2025-05-05,4.21999979019165,4.21999979019165,3.859999895095825,3.9800000190734863,31500
2025-05-06,4.800000190734863,4.800000190734863,4.150000095367432,4.329999923706055,122800
2025-05-07,4.71999979019165,4.900000095367432,4.320000171661377,4.320000171661377,48400
2025-05-08,4.730000019073486,4.755000114440918,4.550000190734863,4.599999904632568,49400
2025-05-09,4.78000020980835,4.849999904632568,4.5,4.599999904632568,15300
2025-05-12,4.699999809265137,4.699999809265137,4.339000225067139,4.339000225067139,2064800
2025-05-13,4.5,4.699999809265137,4.230000019073486,4.699999809265137,1426300
2025-05-14,1.899999976158142,6.5,1.6399999856948853,4.5,8274300
2025-05-15,2.630000114440918,3.640000104904175,1.919999957084656,2.0,15274800
2025-05-16,2.369999885559082,3.619999885559082,2.0999999046325684,2.900000095367432,10550800
2025-05-19,2.130000114440918,2.450000047683716,2.109999895095825,2.369999885559082,1003800
2025-05-20,1.9900000095367432,2.2699999809265137,1.909999966621399,2.200000047683716,2523000
2025-05-21,1.870000004768372,1.955000042915344,1.7599999904632568,1.899999976158142,875500
2025-05-22,1.1799999475479126,1.950000047683716,1.1749999523162842,1.8600000143051147,5119600
2025-05-23,1.3700000047683716,1.3899999856948853,1.1799999475479126,1.1799999475479126,1562500
2025-05-27,1.0800000429153442,1.3700000047683716,1.0700000524520874,1.3700000047683716,2237900
2025-05-28,1.0199999809265137,1.1100000143051147,0.9120000004768372,1.1100000143051147,1229700
2025-05-29,1.0399999618530271,1.1699999570846558,0.959999978542328,1.0,1187500
2025-05-30,6.079999923706055,7.179999828338623,1.2200000286102295,1.2799999713897705,177398400
2025-06-02,3.920000076293945,9.399999618530272,3.049999952316284,8.3149995803833,67392500
2025-06-03,5.090000152587891,5.300000190734863,4.119999885559082,4.380000114440918,23089600
2025-06-04,4.880000114440918,5.130000114440918,4.110000133514404,4.179999828338623,4502100
2025-06-05,3.920000076293945,4.679999828338623,3.7730000019073486,4.460000038146973,2695300
2025-06-06,3.930000066757202,4.21999979019165,3.4100000858306885,3.7899999618530273,1822100
2025-06-09,4.409999847412109,5.070000171661377,3.799999952316284,3.9600000381469727,2447200
2025-06-10,4.090000152587891,4.639999866485596,4.076000213623047,4.300000190734863,984800
2025-06-11,4.179999828338623,4.269999980926514,3.900000095367432,4.010000228881836,591700
2025-06-12,4.699999809265137,4.920000076293945,4.070000171661377,4.070000171661377,1491900
2025-06-13,3.4600000381469727,4.849999904632568,2.930000066757202,4.389999866485596,2568400
2025-06-16,3.0999999046325684,3.670000076293945,3.0,3.565000057220459,1053200
2025-06-17,2.7100000381469727,3.0899999141693115,2.5,3.039999961853028,1126100
2025-06-18,2.6700000762939453,2.8499999046325684,2.4100000858306885,2.4100000858306885,359700
2025-06-20,2.430000066757202,2.700000047683716,2.3499999046325684,2.569999933242798,378300
2025-06-23,2.4100000858306885,2.630000114440918,2.299999952316284,2.390000104904175,403300
2025-06-24,2.240000009536743,2.4600000381469727,2.109999895095825,2.4200000762939453,735200
2025-06-25,2.059999942779541,2.2330000400543213,2.009999990463257,2.200000047683716,507100
2025-06-26,1.7999999523162842,2.059999942779541,1.6799999475479126,2.0299999713897705,974300
2025-06-27,1.75,2.150000095367432,1.7100000381469729,1.7999999523162842,681400
2025-06-30,1.7799999713897705,1.809999942779541,1.6799999475479126,1.7000000476837158,349100
2025-07-01,1.6100000143051147,1.7599999904632568,1.6050000190734863,1.75,491100
2025-07-02,1.7400000095367432,1.7400000095367432,1.5099999904632568,1.590000033378601,930600
2025-07-03,1.7200000286102295,1.7649999856948853,1.600000023841858,1.7200000286102295,401700
2025-07-07,1.919999957084656,2.2799999713897705,1.7200000286102295,1.7200000286102295,2141900
2025-07-08,1.820000052452088,1.9160000085830688,1.7599999904632568,1.899999976158142,800200
2025-07-09,3.619999885559082,3.7300000190734863,2.630000114440918,3.109999895095825,85820900
2025-07-10,2.970000028610229,3.299999952316284,2.809999942779541,2.900000095367432,2532600
2025-07-11,2.25,2.9800000190734863,2.0999999046325684,2.9800000190734863,2146400
2025-07-14,3.059999942779541,4.550000190734863,2.2300000190734863,2.289999961853028,32727500
2025-07-15,2.559999942779541,2.900000095367432,2.5,2.740000009536743,1599000
2025-07-16,2.7300000190734863,2.890000104904175,2.619999885559082,2.869999885559082,1570600
2025-07-17,2.799999952316284,3.049999952316284,2.7300000190734863,2.940000057220459,1299000
2025-07-18,2.400000095367432,2.619999885559082,2.359999895095825,2.400000095367432,931200
2025-07-21,2.3399999141693115,2.4679999351501465,2.2100000381469727,2.240000009536743,695300
2025-07-22,2.200000047683716,2.3550000190734863,2.200000047683716,2.289999961853028,277900
2025-07-23,2.289999961853028,2.3399999141693115,2.1700000762939453,2.200000047683716,275000
2025-07-24,2.240000009536743,2.299999952316284,2.220000028610229,2.259999990463257,231000
2025-07-25,2.25,2.282999992370605,2.1600000858306885,2.2699999809265137,160900
2025-07-28,2.240000009536743,2.2699999809265137,2.1700000762939453,2.220000028610229,129000
2025-07-29,2.150000095367432,2.259999990463257,2.150000095367432,2.200000047683716,101900
2025-07-30,2.0899999141693115,2.180000066757202,2.069999933242798,2.0999999046325684,353200
2025-07-31,2.190000057220459,2.2799999713897705,2.140000104904175,2.1600000858306885,213500
2025-08-01,2.0199999809265137,2.180000066757202,2.009999990463257,2.119999885559082,103100
2025-08-04,2.059999942779541,2.25,2.0,2.0,238900
2025-08-05,2.049999952316284,2.130000114440918,2.0299999713897705,2.0299999713897705,121900
2025-08-06,2.109999895095825,2.190000057220459,2.009999990463257,2.009999990463257,225300
2025-08-07,2.059999942779541,2.119999885559082,2.0199999809265137,2.0899999141693115,111100
2025-08-08,2.075000047683716,2.0899999141693115,2.009999990463257,2.009999990463257,76700
2025-08-11,2.069999933242798,2.0999999046325684,2.0299999713897705,2.049999952316284,92300
2025-08-12,2.180000066757202,2.180000066757202,2.009999990463257,2.0199999809265137,176500
2025-08-13,2.0999999046325684,2.200000047683716,2.059999942779541,2.200000047683716,118000
2025-08-14,2.049999952316284,2.059999942779541,2.0,2.059999942779541,165200
2025-08-15,1.9700000286102293,2.049999952316284,1.9299999475479128,2.009999990463257,92800
2025-08-18,2.0899999141693115,2.119999885559082,1.940000057220459,1.940000057220459,233400
2025-08-19,1.909999966621399,2.059999942779541,1.909999966621399,2.0,138500
2025-08-20,1.940000057220459,1.950000047683716,1.7999999523162842,1.8899999856948853,108900
2025-08-21,1.899999976158142,1.940000057220459,1.8799999952316284,1.909999966621399,42100
2025-08-22,1.9800000190734863,2.0299999713897705,1.8799999952316284,1.8799999952316284,142900
2025-08-25,1.9900000095367432,2.0299999713897705,1.950000047683716,2.0299999713897705,47800
2025-08-26,2.0199999809265137,2.0199999809265137,1.940999984741211,1.9809999465942385,85300
2025-08-27,1.9600000381469729,2.0199999809265137,1.9600000381469729,1.9600000381469729,134300
2025-08-28,1.9800000190734863,2.039999961853028,1.899999976158142,2.039999961853028,53100
2025-08-29,2.039999961853028,2.065000057220459,1.9600000381469729,1.9800000190734863,84700
2025-09-02,2.0,2.039999961853028,1.940000057220459,1.940000057220459,54800
2025-09-03,1.9700000286102293,2.0299999713897705,1.9700000286102293,2.0,127900
2025-09-04,1.9299999475479128,2.015000104904175,1.9299999475479128,2.0,41800
2025-09-05,2.0199999809265137,2.059999942779541,1.919999957084656,1.919999957084656,112100
2025-09-08,1.950000047683716,2.0,1.950000047683716,2.0,67500
2025-09-09,1.950000047683716,1.9800000190734863,1.909999966621399,1.919999957084656,81300
2025-09-10,2.059999942779541,2.059999942779541,1.940000057220459,1.9600000381469729,188000
2025-09-11,2.0,2.049999952316284,1.950000047683716,2.015000104904175,121500
2025-09-12,1.9800000190734863,2.0199999809265137,1.9600000381469729,2.0,62600
2025-09-15,1.9800000190734863,2.0,1.950000047683716,1.950000047683716,53400
2025-09-16,2.069999933242798,2.150000095367432,1.9700000286102293,1.9900000095367432,164100
2025-09-17,1.850000023841858,2.055000066757202,1.820000052452088,2.0,389800
2025-09-18,1.8450000286102293,1.9739999771118164,1.840000033378601,1.9700000286102293,227100
2025-09-19,1.7899999618530271,1.8799999952316284,1.75,1.830000042915344,176700
2025-09-22,1.7799999713897705,1.8009999990463257,1.7599999904632568,1.7899999618530271,72300
2025-09-23,1.8600000143051147,1.940000057220459,1.7999999523162842,1.7999999523162842,166700
2025-09-24,1.809999942779541,1.870000004768372,1.809999942779541,1.850000023841858,257100
2025-09-25,1.7799999713897705,1.830000042915344,1.7100000381469729,1.7999999523162842,136800
2025-09-26,1.7599999904632568,1.809999942779541,1.7200000286102295,1.809999942779541,60700
2025-09-29,1.7899999618530271,1.815000057220459,1.7300000190734863,1.7300000190734863,60600
2025-09-30,1.820000052452088,1.850000023841858,1.7890000343322754,1.7899999618530271,150600
2025-10-01,1.725000023841858,1.820000052452088,1.7100000381469729,1.7599999904632568,179100
2025-10-02,1.6399999856948853,1.75,1.6019999980926514,1.7200000286102295,217400
2025-10-03,1.6100000143051147,1.7400000095367432,1.590000033378601,1.590000033378601,249000
2025-10-06,1.559999942779541,1.649999976158142,1.5499999523162842,1.600000023841858,167900
2025-10-07,1.5099999904632568,1.5809999704360962,1.5099999904632568,1.5499999523162842,81300
2025-10-08,1.6100000143051147,1.6200000047683716,1.5149999856948853,1.5499999523162842,311600
2025-10-09,1.649999976158142,1.690000057220459,1.6100000143051147,1.690000057220459,50800
2025-10-10,1.6399999856948853,1.690000057220459,1.6100000143051147,1.6100000143051147,156900
2025-10-13,1.5199999809265137,1.590000033378601,1.4900000095367432,1.590000033378601,84900
2025-10-14,1.5700000524520874,1.6299999952316284,1.4299999475479126,1.5099999904632568,71900
2025-10-15,1.5700000524520874,1.6100000143051147,1.5399999618530271,1.5700000524520874,90300
2025-10-16,1.5299999713897705,1.6299999952316284,1.5199999809265137,1.5700000524520874,57600
2025-10-17,1.5199999809265137,1.559999942779541,1.493000030517578,1.5099999904632568,46400
2025-10-20,1.6399999856948853,1.809999942779541,1.4900000095367432,1.4900000095367432,175500
2025-10-21,1.6200000047683716,1.7640000581741333,1.6200000047683716,1.649999976158142,22200
2025-10-22,1.6299999952316284,1.6950000524520874,1.5579999685287476,1.5800000429153442,153900
2025-10-23,1.5700000524520874,1.6299999952316284,1.5700000524520874,1.6200000047683716,35600
2025-10-24,1.659999966621399,1.659999966621399,1.5609999895095823,1.6100000143051147,73900
2025-10-27,1.559999942779541,1.649999976158142,1.559999942779541,1.649999976158142,21500
2025-10-28,1.590000033378601,1.6200000047683716,1.5099999904632568,1.5499999523162842,36700
2025-10-29,1.5299999713897705,1.600000023841858,1.5299999713897705,1.590000033378601,70200
2025-10-30,1.5700000524520874,1.5800000429153442,1.5299999713897705,1.5299999713897705,15800
2025-10-31,1.5099999904632568,1.559999942779541,1.5,1.559999942779541,42000
2025-11-03,1.5499999523162842,1.559999942779541,1.4900000095367432,1.5499999523162842,54300
2025-11-04,1.4500000476837158,1.559999942779541,1.4500000476837158,1.5099999904632568,53300
2025-11-05,1.437999963760376,1.4500000476837158,1.3600000143051147,1.409999966621399,95600
2025-11-06,1.4900000095367432,1.5099999904632568,1.399999976158142,1.440000057220459,38600
2025-11-07,1.409999966621399,1.4730000495910645,1.399999976158142,1.4299999475479126,30600
2025-11-10,1.4579999446868896,1.4600000381469729,1.409999966621399,1.4249999523162842,22200
2025-11-11,1.462000012397766,1.5399999618530271,1.4079999923706057,1.4299999475479126,90200
2025-11-12,1.399999976158142,1.4600000381469729,1.399999976158142,1.4600000381469729,60300
2025-11-13,1.2599999904632568,1.475000023841858,1.2599999904632568,1.440000057220459,62500
2025-11-14,1.2100000381469729,1.2200000286102295,1.121999979019165,1.2200000286102295,62800
2025-11-17,1.1200000047683716,1.2799999713897705,1.1200000047683716,1.1699999570846558,45700
2025-11-18,1.1399999856948853,1.2690000534057615,1.100000023841858,1.1299999952316284,63000
2025-11-19,1.149999976158142,1.2300000190734863,1.1419999599456787,1.1649999618530271,71700
2025-11-20,1.2300000190734863,1.2699999809265137,1.2000000476837158,1.2000000476837158,25400
2025-11-21,1.190000057220459,1.2599999904632568,1.1799999475479126,1.1799999475479126,21000
2025-11-24,1.149999976158142,1.2100000381469729,1.100000023841858,1.159999966621399,59800
2025-11-25,1.159999966621399,1.2000000476837158,1.149999976158142,1.159999966621399,13800
2025-11-26,1.1749999523162842,1.2000000476837158,1.1399999856948853,1.149999976158142,34800
2025-11-28,1.190000057220459,1.2400000095367432,1.1799999475479126,1.2400000095367432,22700
2025-12-01,1.159999966621399,1.2300000190734863,1.1399999856948853,1.159000039100647,16700
2025-12-02,1.1200000047683716,1.190000057220459,1.1100000143051147,1.159999966621399,33000
2025-12-03,1.1200000047683716,1.159999966621399,1.090000033378601,1.1519999504089355,49800
2025-12-04,1.090000033378601,1.1399999856948853,1.0800000429153442,1.090000033378601,21800
2025-12-05,1.0499999523162842,1.0889999866485596,1.0099999904632568,1.0800000429153442,85200
2025-12-08,0.9200000166893004,1.0199999809265137,0.9200000166893004,1.0199999809265137,129700
2025-12-09,0.7599999904632568,0.8999999761581421,0.75,0.8999999761581421,254800
2025-12-10,0.7210000157356262,0.7549999952316284,0.699999988079071,0.7549999952316284,93700
2025-12-11,0.7049999833106995,0.7799999713897705,0.7049999833106995,0.7170000076293945,46400
2025-12-12,0.9229999780654908,1.059999942779541,0.7620000243186951,0.7620000243186951,1519200
2025-12-15,0.859000027179718,0.9300000071525574,0.8059999942779541,0.9300000071525574,138500
2025-12-16,0.7620000243186951,0.8500000238418579,0.746999979019165,0.7599999904632568,104000
2025-12-17,0.75,0.8019999861717224,0.6800000071525574,0.6800000071525574,124400
2025-12-18,0.7400000095367432,0.75,0.7099999785423279,0.7279999852180481,41700
2025-12-19,0.7200000286102295,0.7789999842643738,0.7200000286102295,0.7409999966621399,35000
2025-12-22,0.7099999785423279,0.75,0.7049999833106995,0.7049999833106995,34800
2025-12-23,0.6610000133514404,0.7200000286102295,0.6600000262260437,0.7049999833106995,61900
2025-12-24,0.6460000276565552,0.6610000133514404,0.6299999952316284,0.6610000133514404,16800
2025-12-26,7.320000171661377,7.631999969482422,7.199999809265137,7.199999809265137,6683
2025-12-29,6.383999824523926,7.104000091552734,6.072000026702881,6.840000152587891,11375
2025-12-30,6.239999771118164,6.947999954223633,6.239999771118164,6.624000072479248,7183
2025-12-31,5.880000114440918,6.71999979019165,5.843999862670898,6.239999771118164,9108
2026-01-02,6.852000236511231,7.164000034332275,5.880000114440918,5.880000114440918,3050
2026-01-05,7.067999839782715,7.619999885559082,6.815999984741211,6.815999984741211,2042
2026-01-06,7.320000171661377,8.772000312805176,7.0920000076293945,7.199999809265137,16683
2026-01-07,8.36400032043457,8.387999534606934,7.320000171661377,7.5,6933
2026-01-08,7.920000076293945,9.0,7.920000076293945,7.992000102996826,5833
2026-01-09,7.607999801635742,7.920000076293945,7.559999942779541,7.920000076293945,1542
2026-01-12,7.763999938964844,8.039999961853027,7.271999835968018,7.883999824523926,3500
2026-01-13,8.736000061035156,8.736000061035156,7.283999919891357,7.788000106811523,4267
2026-01-14,9.479999542236328,9.479999542236328,8.36400032043457,8.460000038146973,3508
2026-01-15,9.960000038146973,10.800000190734863,9.312000274658203,9.479999542236328,6233
2026-01-16,9.947999954223633,10.404000282287598,9.65999984741211,10.284000396728516,1792
2026-01-20,9.119999885559082,9.684000015258787,8.916000366210938,9.684000015258787,2333
2026-01-21,9.336000442504885,9.383999824523926,8.15999984741211,8.795999526977539,1325
2026-01-22,9.359999656677246,9.600000381469728,9.04800033569336,9.336000442504885,708
2026-01-23,9.600000381469728,9.960000038146973,9.420000076293944,9.479999542236328,3508
2026-01-26,9.263999938964844,9.732000350952148,8.784000396728516,9.359999656677246,2125
2026-01-27,9.67199993133545,9.720000267028809,8.616000175476074,8.784000396728516,1525
2026-01-28,9.515999794006348,9.600000381469728,8.880000114440918,9.600000381469728,1767
2026-01-29,10.739999771118164,11.088000297546388,8.880000114440918,9.600000381469728,6292
2026-01-30,8.567999839782715,10.800000190734863,8.520000457763672,10.800000190734863,11292
2026-02-02,8.760000228881836,9.84000015258789,8.447999954223633,8.496000289916992,2392
2026-02-03,8.387999534606934,8.736000061035156,8.387999534606934,8.411999702453613,717
2026-02-04,7.679999828338623,8.411999702453613,7.320000171661377,7.848000049591064,8142
2026-02-05,7.343999862670898,7.679999828338623,7.199999809265137,7.679999828338623,2642
2026-02-06,7.811999797821045,7.811999797821045,7.199999809265137,7.199999809265137,3225
2026-02-09,7.440000057220459,8.399999618530273,7.320000171661377,8.039999961853027,1600
2026-02-10,7.331999778747559,8.184000015258789,7.331999778747559,7.452000141143799,1875
2026-02-11,7.211999893188477,7.320000171661377,7.199999809265137,7.320000171661377,250
2026-02-12,7.320000171661377,7.559999942779541,7.320000171661377,7.320000171661377,1417
2026-02-13,7.559999942779541,8.531999588012695,7.320000171661377,7.320000171661377,28517
2026-02-17,8.15999984741211,8.279999732971191,7.800000190734863,7.811999797821045,1733
2026-02-18,8.472000122070312,8.520000457763672,8.13599967956543,8.15999984741211,1217
2026-02-19,8.15999984741211,8.640000343322754,8.15999984741211,8.640000343322754,400
2026-02-20,7.679999828338623,8.472000122070312,7.679999828338623,8.039999961853027,3008
2026-02-23,7.380000114440918,7.5,7.320000171661377,7.5,1275
2026-02-24,7.368000030517578,7.679999828338623,7.368000030517578,7.380000114440918,742
2026-02-25,7.559999942779541,8.088000297546387,7.380000114440918,7.380000114440918,725
2026-02-26,7.440000057220459,7.776000022888184,7.440000057220459,7.440000057220459,375
2026-02-27,7.199999809265137,7.440000057220459,7.199999809265137,7.440000057220459,833
2026-03-02,7.211999893188477,7.392000198364258,7.199999809265137,7.199999809265137,567
2026-03-03,6.840000152587891,7.199999809265137,6.840000152587891,7.199999809265137,967
2026-03-04,7.296000003814697,8.039999961853027,6.840000152587891,6.995999813079834,1433
2026-03-05,7.188000202178955,7.296000003814697,7.0320000648498535,7.296000003814697,617
2026-03-06,7.079999923706055,7.079999923706055,6.840000152587891,6.840000152587891,492
2026-03-09,7.079999923706055,7.199999809265137,6.300000190734863,6.300000190734863,275
2026-03-10,7.188000202178955,7.199999809265137,6.900000095367432,6.984000205993652,1550
2026-03-11,7.331999778747559,7.331999778747559,7.199999809265137,7.283999919891357,492
2026-03-12,7.164000034332275,7.331999778747559,6.995999813079834,7.320000171661377,975
2026-03-13,7.427999973297119,7.427999973297119,7.199999809265137,7.199999809265137,800
2026-03-16,7.139999866485596,7.296000003814697,6.960000038146973,7.151999950408936,1583
2026-03-17,7.139999866485596,7.211999893188477,6.960000038146973,7.211999893188477,300
2026-03-18,7.236000061035156,7.236000061035156,6.599999904632568,6.599999904632568,2125
2026-03-19,7.079999923706055,7.800000190734863,7.079999923706055,7.199999809265137,1658
2026-03-20,8.916000366210938,9.479999542236328,6.960000038146973,6.9720001220703125,32817
2026-03-23,8.279999732971191,8.831999778747559,7.199999809265137,8.831999778747559,4200
2026-03-24,7.679999828338623,8.460000038146973,7.067999839782715,7.679999828338623,900
2026-03-25,7.271999835968018,7.800000190734863,7.199999809265137,7.800000190734863,1192
2026-03-26,7.380000114440918,7.48799991607666,7.320000171661377,7.48799991607666,458
2026-03-27,6.443999767303467,7.415999889373779,6.239999771118164,6.863999843597412,3042
2026-03-30,6.599999904632568,6.947999954223633,6.504000186920166,6.504000186920166,425
2026-03-31,7.079999923706055,7.320000171661377,6.960000038146973,6.960000038146973,1083
2026-04-01,7.368000030517578,7.380000114440918,7.079999923706055,7.380000114440918,742
2026-04-02,7.139999866485596,7.368000030517578,7.116000175476074,7.368000030517578,117
2026-04-06,7.211999893188477,7.320000171661377,7.139999866485596,7.320000171661377,742
2026-04-07,7.139999866485596,7.535999774932861,7.139999866485596,7.308000087738037,1750
2026-04-08,7.199999809265137,7.343999862670898,7.199999809265137,7.296000003814697,433
2026-04-09,7.427999973297119,7.48799991607666,7.176000118255615,7.176000118255615,1167
2026-04-10,7.067999839782715,7.176000118255615,6.791999816894531,7.176000118255615,2367
2026-04-13,6.624000072479248,7.079999923706055,6.599999904632568,6.791999816894531,2033
2026-04-14,7.079999923706055,7.199999809265137,6.71999979019165,7.199999809265137,458
2026-04-15,7.199999809265137,7.199999809265137,6.599999904632568,6.599999904632568,767
2026-04-16,7.199999809265137,7.199999809265137,6.71999979019165,6.71999979019165,967
2026-04-17,6.852000236511231,7.007999897003174,6.504000186920166,6.960000038146973,3808
2026-04-20,7.464000225067139,7.584000110626221,6.875999927520752,7.440000057220459,2983
2026-04-21,7.440000057220459,7.559999942779541,7.320000171661377,7.51200008392334,933
2026-04-22,7.440000057220459,7.679999828338623,7.199999809265137,7.199999809265137,3775
2026-04-23,7.440000057220459,7.679999828338623,7.199999809265137,7.320000171661377,1092
2026-04-24,7.440000057220459,7.440000057220459,7.260000228881836,7.320000171661377,658
2026-04-27,7.320000171661377,7.47599983215332,7.199999809265137,7.199999809265137,675
2026-04-28,7.47599983215332,7.559999942779541,7.296000003814697,7.559999942779541,2233
2026-04-29,6.71999979019165,6.923999786376953,6.599999904632568,6.599999904632568,1508
2026-04-30,6.960000038146973,6.960000038146973,6.599999904632568,6.708000183105469,375
2026-05-01,6.71999979019165,6.947999954223633,6.71999979019165,6.840000152587891,375
2026-05-04,6.935999870300293,6.960000038146973,6.480000019073486,6.71999979019165,842
2026-05-05,7.283999919891357,7.283999919891357,6.71999979019165,6.78000020980835,1875
2026-05-06,8.36400032043457,9.227999687194824,7.079999923706055,7.403999805450439,10175
2026-05-07,9.119999885559082,9.215999603271484,8.112000465393066,8.36400032043457,3517
2026-05-08,9.107999801635742,9.347999572753906,8.303999900817871,9.347999572753906,1083
2026-05-11,9.16800022125244,9.600000381469728,8.760000228881836,8.760000228881836,4750
2026-05-12,9.16800022125244,9.324000358581545,9.119999885559082,9.324000358581545,750
2026-05-13,8.675999641418457,9.300000190734863,8.640000343322754,9.119999885559082,1533
2026-05-14,8.399999618530273,9.0,8.399999618530273,8.96399974822998,1250
2026-05-15,7.872000217437744,8.399999618530273,7.872000217437744,8.399999618530273,2850
2026-05-18,7.907999992370605,8.267999649047852,7.872000217437744,7.872000217437744,1183
2026-05-19,7.883999824523926,7.920000076293945,7.800000190734863,7.872000217437744,1275
2026-05-20,7.739999771118164,8.15999984741211,7.320000171661377,7.320000171661377,408
2026-05-21,7.368000030517578,7.47599983215332,7.320000171661377,7.47599983215332,1083
2026-05-22,7.164000034332275,7.283999919891357,6.888000011444092,7.283999919891357,842
2026-05-26,6.960000038146973,7.151999950408936,6.960000038146973,7.151999950408936,425
2026-05-27,7.079999923706055,7.079999923706055,6.935999870300293,6.935999870300293,1742
2026-05-28,7.019999980926514,7.139999866485596,7.019999980926514,7.139999866485596,75
2026-05-29,7.127999782562256,7.415999889373779,7.044000148773193,7.415999889373779,1417
2026-06-01,7.079999923706055,7.776000022888184,6.840000152587891,7.427999973297119,1100
2026-06-02,6.576000213623047,7.199999809265137,4.932000160217285,6.9720001220703125,4967
2026-06-03,7.872000217437744,9.479999542236328,4.5960001945495605,5.136000156402588,2245758
2026-06-04,5.820000171661377,7.199999809265137,5.639999866485596,5.98799991607666,92650
2026-06-05,6.539999961853027,8.088000297546387,5.004000186920166,5.004000186920166,451200
2026-06-08,7.139999866485596,7.920000076293945,6.239999771118164,6.288000106811523,44158
2026-06-09,7.656000137329102,7.763999938964844,6.888000011444092,6.900000095367432,11392
2026-06-10,7.044000148773193,7.188000202178955,5.26800012588501,5.507999897003174,42967
2026-06-11,6.935999870300293,6.935999870300293,6.059999942779541,6.360000133514404,6217
2026-06-12,7.079999923706055,7.079999923706055,6.203999996185303,6.480000019073486,6633
2026-06-15,7.308000087738037,7.308000087738037,6.504000186920166,6.791999816894531,3508
2026-06-16,7.559999942779541,7.559999942779541,6.624000072479248,6.624000072479248,6083
2026-06-17,7.127999782562256,7.223999977111816,6.624000072479248,6.984000205993652,6317
2026-06-18,7.403999805450439,7.403999805450439,6.420000076293945,6.659999847412109,9242
2026-06-22,7.4120001792907715,7.539999961853027,6.489999771118164,6.920000076293945,19500
2026-06-23,6.929999828338623,7.433000087738037,6.699999809265137,6.980000019073486,52600
2026-06-24,7.03000020980835,7.190000057220459,6.460000038146973,6.929999828338623,8000
2026-06-25,6.710000038146973,7.099999904632568,6.485000133514404,6.940000057220459,6500
2026-06-26,6.869999885559082,6.869999885559082,6.5,6.699999809265137,5400
2026-06-29,6.800000190734863,6.900000095367432,6.230000019073486,6.230000019073486,5800
2026-06-30,6.949999809265137,7.010000228881836,6.300000190734863,6.449999809265137,6400
2026-07-01,7.090000152587891,7.400000095367432,6.960000038146973,7.179999828338623,3000
2026-07-02,8.350000381469727,10.600000381469728,6.900000095367432,7.0,203600
2026-07-06,7.039999961853027,7.817999839782715,6.400000095367432,7.329999923706055,30100
2026-07-07,5.989999771118164,7.269999980926514,5.099999904632568,6.929999828338623,40500
2026-07-08,6.21999979019165,7.389999866485596,5.670000076293945,5.900000095367432,14500
2026-07-09,6.619999885559082,7.199999809265137,6.03000020980835,6.21999979019165,17000
2026-07-10,6.605000019073486,6.929999828338623,6.199999809265137,6.610000133514404,6500
2026-07-13,6.139999866485596,6.5,6.139999866485596,6.5,5200
2026-07-14,8.119999885559082,8.359999656677246,5.949999809265137,6.019999980926514,321400
2026-07-15,6.139999866485596,6.724999904632568,6.099999904632568,6.300000190734863,64100
2026-07-16,5.599999904632568,5.989999771118164,5.5,5.989999771118164,17700
2026-07-17,5.260000228881836,5.5,5.190000057220459,5.420000076293945,10000
2026-07-20,5.389999866485596,5.429999828338623,5.159999847412109,5.25,6300
2026-07-21,5.940000057220459,6.010000228881836,5.389999866485596,5.400000095367432,10400
2026-07-22,5.875,6.0,5.552000045776367,5.558000087738037,7500
2026-07-23,5.619999885559082,5.760000228881836,5.610000133514404,5.610000133514404,1700
2026-07-24,5.789999961853027,5.929999828338623,5.489999771118164,5.610000133514404,8300
2026-07-27,5.869999885559082,5.949999809265137,5.409999847412109,5.579999923706055,5700
2026-07-28,6.369999885559082,6.369999885559082,5.800000190734863,5.800000190734863,3500
2026-07-29,5.980000019073486,6.0,5.929999828338623,5.929999828338623,7200
2026-07-30,5.949999809265137,6.0,5.610000133514404,5.659999847412109,7700
2026-07-31,5.619999885559082,5.920000076293945,5.539999961853027,5.539999961853027,5000
2026-08-03,5.900000095367432,5.900000095367432,5.621099948883057,5.650000095367432,1590
