Ticker 01/10/2026 07:41,name,rsi,priceToBook,enterpriseToRevenue,enterpriseToEbitda,targetHighPrice,targetLowPrice,targetMeanPrice,targetMedianPrice,recommendationMean,recommendationKey,totalCashPerShare,quickRatio,currentRatio,debtToEquity,returnOnAssets,returnOnEquity,earningsGrowth,revenueGrowth,grossMargins,operatingMargins,averageAnalystRating,trailingPegRatio
DKNG,DraftKings Inc.,27.16869846431961,16.550522,1.666,84.382,76.0,20.0,34.95139,33.0,1.54054,buy,1.982,0.687,1.017,336.48,-0.02417,-0.21139,,-0.046,0.76129997,-0.04724,1.5 - Buy,0.0519
OWL,Blue Owl Capital Inc. Class A Common Stock,28.634246946082044,3.1140804,4.685,11.142,20.0,9.5,12.79412,12.0,1.94118,buy,0.247,1.886,1.982,77.391,0.04476,0.05652,-0.14,0.071,0.58491004,0.28944,1.9 - Buy,0.1536
FIS,"Fidelity National Information Services, Inc. Common Stock",23.35270137067955,1.0585246,3.072,10.636,77.0,37.0,49.66667,49.5,2.27586,buy,1.443,0.38,0.535,132.51,0.04275,0.22348,,0.291,0.35836,0.20669001,2.3 - Buy,0.1819
ALLY,Ally Financial Inc. Common Stock,23.431695787741283,0.84771734,3.615,,58.0,42.0,51.95,54.5,1.61111,buy,26.029,,,,0.0074699996,0.09681,0.135,0.11,0.0,0.25270998,1.6 - Buy,0.3435
CYD,China Yuchai International Limited Common Stock,29.911502629959557,0.81578875,,,66.60064,43.0417,59.099598,63.378025,1.0,strong_buy,,,,,,,0.519,0.062,0.17929001,0.067379996,1.0 - Strong Buy,0.3721
MGM,MGM Resorts International Common Stock,12.32253943475435,3.107486,2.031,16.122,57.0,40.0,49.33158,48.3,2.3913,buy,10.972,1.207,1.335,893.311,0.01766,0.18924999,5.194,0.01,0.44157,0.067880005,2.4 - Buy,0.4837
CHWY,"Chewy, Inc. Class A Common Stock",28.461624540717235,19.718311,0.602,18.187,36.0,21.0,28.63636,28.0,1.88462,buy,1.523,0.383,0.838,313.414,0.06079,0.71988,0.415,0.073,0.29846,0.024619998,1.9 - Buy,0.3774
ASUR,Asure Software Inc,29.035830553542517,1.1033378,1.762,10.314,15.0,11.0,13.11111,13.0,1.22222,strong_buy,0.681,0.157,1.064,37.862,-0.0023,-0.042969998,,0.232,0.68119,-0.064559996,1.2 - Strong Buy,0.4739
ARLP,"Alliance Resource Partners, L.P.",27.237629034502337,1.7665455,1.666,5.337,33.5,29.0,31.16667,31.0,,none,0.864,1.09,1.752,33.076,0.07757,0.15168999,0.341,0.007,0.35407,0.17040001,,0.5461
ABG,Asbury Automotive Group Inc Common Stock,26.260292484202232,0.78839236,0.477,8.451,315.0,190.0,258.36365,257.0,,none,2.802,0.145,0.91,140.969,0.05365,0.13233,-0.194,0.003,0.1711,0.051020004,,0.4694
FICO,Fair Isaac Corporation Common Stock,15.743974952772927,-3.1230462,7.581,14.363,1750.0,696.0,1256.4194,1257.0,2.2381,buy,11.503,1.129,1.183,,0.39981,,0.412,0.257,0.851,0.53787,2.2 - Buy,0.7021
APO,"Apollo Global Management, Inc. (New) Common Stock",29.5273681582527,3.4092178,2.379,,173.0,130.0,153.47368,154.0,1.71429,buy,80.631,1.897,1.948,100.969,0.0094099995,0.11412,0.637,0.638,0.36141998,0.21952,1.7 - Buy,0.4661
AN,"AutoNation, Inc. Common Stock",23.242791771407358,2.3087413,0.601,10.876,300.0,210.0,244.16667,249.0,1.61538,buy,1.612,0.147,0.782,501.585,0.05435,0.32766998,1.385,-0.006,0.17834999,0.04449,1.6 - Buy,0.4662
LAD,"Lithia Motors, Inc. Common Stock",25.946789434740964,1.0028349,0.603,11.903,525.0,340.0,447.73334,461.0,1.8,buy,5.418,0.151,1.003,257.698,0.03924,0.10719,0.169,0.022,0.15438,0.04611,1.8 - Buy,0.5957
CCI,Crown Castle Inc. Common Stock,25.66783238382265,-8.682908,12.189,18.855,120.0,80.0,94.44762,92.0,2.13043,buy,2.449,0.429,0.522,,0.04725,,-0.675,-0.049,0.73732,0.46825,2.1 - Buy,0.5527
SAH,"Sonic Automotive, Inc. Common Stock",28.394663879495113,1.8599563,0.406,9.577,139.0,72.0,98.54545,98.0,,none,9.312,0.235,1.012,455.519,0.052529998,0.20631,,0.076,0.15704,0.03376,,0.5965
HRB,"H&R Block, Inc. Common Stock",28.61312775931478,43.181816,1.566,5.998,60.0,36.0,51.66667,59.0,3.2,hold,7.778,1.024,1.133,1789.419,0.17401,7.13542,0.045,0.03,0.4433,0.3291,3.2 - Hold,0.5438
SARO,"StandardAero, Inc. Common Stock",28.211632656404596,2.520661,1.475,11.836,42.4,25.0,34.38571,34.5,1.66667,buy,0.551,1.566,2.135,93.207,0.05608,0.12302,0.45,0.046,0.15048,0.10532,1.7 - Buy,0.5778
HXL,Hexcel Corporation Common Stock,25.78826414397557,4.8804884,3.661,18.62,123.0,90.0,109.57143,110.0,2.47059,buy,0.826,1.236,2.427,73.902,0.05983,0.10764,2.802,0.08,0.24956,0.13904999,2.5 - Buy,0.6141
JLL,Jones Lang LaSalle Incorporated Common Stock,23.888848490399802,1.8837746,0.618,10.058,500.0,332.0,427.0,434.0,1.83333,buy,9.959,0.882,1.126,42.352,0.04818,0.13520001,0.978,0.108,0.51232,0.045700002,1.8 - Buy,0.7407
SUNS,"Sunrise Realty Trust, Inc.",24.349654489258608,,,,,,,,,,,,,,,,,,,,,0.5389
NOV,NOV Inc. Common Stock,29.108413700718692,1.0785443,0.914,8.007,26.0,17.0,22.18421,22.0,2.5,buy,3.265,1.524,2.422,37.151,0.03446,0.01545,0.076,-0.025,0.21646,0.0717,2.5 - Buy,0.8185
CHTR,"Charter Communications, Inc.",28.99208299702932,0.7803155,2.103,5.243,380.0,101.0,178.05263,150.0,3.0,hold,4.267,0.302,0.361,441.578,0.05311,0.27201998,0.161,-0.017,0.55189997,0.23503,3.0 - Hold,0.6601
LW,"Lamb Weston Holdings, Inc. Common Stock ",21.44106333704387,3.140253,1.467,8.784,65.0,46.0,54.33333,53.5,2.5,buy,0.496,0.599,1.423,221.223,0.060310002,0.16280001,-0.062,0.056,0.20678,0.097729996,2.5 - Buy,0.7372
BAC,Bank of America Corporation Common Stock,23.85570007947905,1.3835088,2.865,,76.0,62.0,68.61905,68.0,1.5,strong_buy,124.149,,,,0.00969,0.111990005,0.341,0.168,0.0,0.38305,1.5 - Strong Buy,0.8463
BC,Brunswick Corporation Common Stock,25.260389443156704,2.4813626,1.095,10.218,120.0,76.0,90.70588,90.0,2.05,buy,4.459,0.556,1.447,136.481,0.033800002,-0.048270002,0.875,0.077,0.25947002,0.06804,2.0 - Buy,0.7212
SF,Stifel Financial Corporation Common Stock,24.544085803402822,1.9926599,1.571,,103.0,81.0,89.0,87.0,2.375,buy,34.602,0.885,0.895,52.002,0.0225,0.16427,0.506,0.127,0.95567,0.21761999,2.4 - Buy,0.8659
EXE,Expand Energy Corporation,26.957238999072175,1.0152732,1.78,3.353,160.0,93.0,125.40741,123.0,1.53571,buy,2.864,0.594,0.959,19.207,0.08486,0.14893,-0.455,-0.106,0.47069,0.26323998,1.5 - Buy,0.8198
TRU,TransUnion Common Stock,21.607502270023623,2.4181042,3.408,10.928,115.0,75.0,96.71429,100.0,1.72727,buy,4.382,1.646,1.9,113.212,0.04938,0.15626,0.321,0.149,0.5873,0.19701,1.7 - Buy,0.9869
HSY,The Hershey Company Common Stock,22.042219049329297,6.94042,3.025,13.521,250.0,170.0,204.09525,200.0,2.47826,buy,3.938,0.507,1.18,129.821,0.09922,0.32808998,6.31,0.066,0.38377,0.23119,2.5 - Buy,0.8461
XRAY,DENTSPLY SIRONA Inc.,29.157137463972344,,,,,,,,,,,,,,,,,,,,,0.633
MWA,MUELLER WATER PRODUCTS Common Stock,24.607271386160413,2.9594538,2.213,9.076,35.0,21.0,29.5,30.5,2.66667,hold,3.172,2.865,4.636,40.423,0.10621,0.21684,0.303,0.041,0.38072,0.23945,2.7 - Hold,0.9165
TEX,Terex Corporation Common Stock,26.949918824254617,1.2132674,1.242,13.527,100.0,66.5,79.94,81.0,2.0,buy,3.561,0.842,1.818,54.558,0.028110001,0.042090002,-0.119,0.505,0.16774,0.07239,2.0 - Buy,1.0991
PCAR,PACCAR Inc.,21.621051309163917,,,,,,,,,,,,,,,,,,,,,0.8317
LVS,Las Vegas Sands Corp. Common Stock,21.248088966674263,42.15162,2.676,7.914,71.5,47.0,59.06842,60.0,,none,5.213,0.927,0.997,1703.902,0.09549,1.22869,-0.198,-0.007,0.79335,0.19658001,,0.8432
WYNN,"Wynn Resorts, Limited",27.30436558824091,,,,,,,,,,,,,,,,,,,,,0.7336
SPXC,"SPX Technologies, Inc. Common Stock",27.592158980929582,3.6158912,3.611,17.135,310.0,215.0,266.3846,280.0,1.23077,strong_buy,3.322,1.137,1.825,26.175,0.06755,0.14684,0.41,0.229,0.40287998,0.17673,1.2 - Strong Buy,0.9767
ITRI,"Itron, Inc.",29.675583378211996,,,,,,,,,,,,,,,,,,,,,0.7058
KNF,Knife Riv Holding Co. Common Stock,27.750657311471443,1.7821921,1.358,9.081,118.0,62.0,85.375,82.5,2.0,buy,0.717,1.322,2.665,103.908,0.045,0.09122,-0.135,0.126,0.17828,0.08802,2.0 - Buy,1.6167
LOW,"Lowe's Companies, Inc. Common Stock",28.555417576257618,-13.901335,1.573,11.176,290.0,191.0,251.09091,255.0,1.85714,buy,5.654,0.209,1.105,,0.12519,,0.0,0.083,0.32994,0.13365,1.9 - Buy,1.3123
JEF,Jefferies Financial Group Inc. Common Stock,29.977567077406142,0.8802187,,,71.0,47.0,55.83333,53.5,2.33333,buy,,,,364.763,,,0.268,0.085,0.82623,0.15799,2.3 - Buy,1.0268
BALL,Ball Corporation Common Stock,25.772461843023503,2.580244,1.531,10.565,79.0,63.0,72.57143,73.5,1.6,buy,1.889,0.605,1.069,131.495,0.046329997,0.17151,0.092,0.197,0.1863,0.09232,1.6 - Buy,1.0106
USFD,US Foods Holding Corp. Common Stock,29.14401140173838,4.6610723,0.63,14.188,130.0,65.0,116.0,120.0,1.53333,buy,0.259,0.666,1.137,126.315,0.05826,0.16350001,0.292,0.045,0.17554002,0.04197,1.5 - Buy,0.91
HRL,Hormel Foods Corporation Common Stock,28.759946453746522,1.399102,1.068,10.259,30.0,23.0,25.9375,26.0,2.6,hold,1.578,0.886,1.882,36.326,0.04634,0.042930003,-0.672,-0.024,0.15741,0.08615,2.6 - Hold,1.4015
LHX,"L3Harris Technologies, Inc. Common Stock",23.034951769701944,2.2169788,2.42,13.401,405.0,264.0,335.33334,340.0,1.85,buy,8.168,0.839,1.184,52.753,0.04384,0.0934,0.283,0.084,0.25484,0.12566,1.9 - Buy,1.1901
RF,Regions Financial Corporation Common Stock,24.14481956343225,1.3119874,3.982,,36.0,28.0,32.7075,33.0,2.77273,hold,5.871,,,,0.01393,0.118669994,0.085,0.034,0.0,0.39314997,2.8 - Hold,1.4531
WSC,WillScot Holdings Corporation,26.39927635669079,,,,,,,,,,,,,,,,,,,,,0.9396
MTB,M&T Bank Corporation Common Stock,26.768742575665755,1.236153,3.689,,301.0,224.0,257.69443,255.0,2.7,hold,122.424,,,,0.01408,0.10742,0.255,0.062,0.0,0.45108002,2.7 - Hold,1.3627
MDLZ,"Mondelez International, Inc.",29.119896082520068,,,,,,,,,,,,,,,,,,,,,0.9044
XYL,Xylem Inc. Common Stock New,29.016795999451684,2.1487374,2.813,12.977,180.0,129.0,153.875,159.5,1.85714,buy,5.465,1.161,1.613,28.642,0.051149998,0.09182999,0.195,0.015,0.39240003,0.16995001,1.9 - Buy,1.3219
ALL,Allstate Corporation (The) Common Stock,24.192211659955344,1.7778525,0.854,3.497,334.0,191.0,274.72726,278.5,2.6,hold,22.602,0.243,0.363,22.261,0.086780004,0.46113998,0.612,0.118,0.36800998,0.22827,2.6 - Hold,1.6878
KNSL,"Kinsale Capital Group, Inc. Common Stock",26.51716348412727,3.6124418,3.69,10.059,405.0,259.0,354.77777,375.0,3.16667,hold,9.242,0.086,0.194,11.033,0.07563,0.30268,0.34,0.168,0.31142,0.40678,3.2 - Hold,1.0076
EFX,"Equifax, Inc. Common Stock",19.36096275778068,3.684592,3.346,11.204,245.0,160.0,212.14285,210.0,1.66667,buy,1.448,0.508,0.602,120.956,0.061550003,0.14275,0.007,0.106,0.55542,0.17305,1.7 - Buy,1.3382
TXRH,"Texas Roadhouse, Inc.",15.255102004036903,,,,,,,,,,,,,,,,,,,,,1.641
SWX,"Southwest Gas Holdings, Inc. Common Stock (DE)",28.511653440337227,1.431908,5.254,10.66,107.0,94.0,101.75,102.5,1.22222,strong_buy,3.734,0.583,1.116,85.082,0.02823,0.06832,,-0.096,0.54035,0.24158001,1.2 - Strong Buy,1.8634
BBSI,"Barrett Business Services, Inc.",29.564180354646226,3.5747194,0.545,12.249,44.0,38.0,40.75,40.5,,none,2.801,0.906,1.143,12.021,0.04583,0.16333,-0.257,0.038,0.20604,0.04824,,1.108
MS,Morgan Stanley Common Stock,24.659191830055857,2.7740004,2.244,,262.0,184.0,234.61905,243.0,2.28,buy,470.579,1.603,1.999,517.282,0.01345,0.17969999,0.624,0.28,0.87641,0.41567,2.3 - Buy,1.7595
BX,Blackstone Inc. Common Stock,25.68576374759766,9.946756,7.474,,184.0,119.0,143.7619,140.0,2.04348,buy,3.319,0.828,0.872,68.185,0.1433,0.31374002,0.573,0.286,1.0,0.54357,2.0 - Buy,1.0877
AMP,"Ameriprise Financial, Inc. Common Stock",29.930926124082752,6.840665,1.89,,645.0,489.0,579.4545,562.0,2.5,buy,116.593,1.314,2.182,67.578,0.022750001,0.63432,0.117,0.116,0.54932,0.30719998,2.5 - Buy,1.4133
PNC,"PNC Financial Services Group, Inc. (The) Common Stock",28.395370013885497,1.527413,6.954,,291.0,253.0,276.975,280.0,1.77273,buy,33.737,,,,0.01307,0.12623,0.249,0.236,0.0,0.38689,1.8 - Buy,1.5711
EQT,EQT Corporation Common Stock,29.520180478946983,1.2025458,4.253,5.65,81.0,52.0,67.38462,67.5,1.46154,strong_buy,0.18,0.542,0.673,19.595,0.06629,0.11078,-0.74,-0.039,0.80748004,0.23372999,1.5 - Strong Buy,1.4894
MKC,"McCormick & Company, Incorporated Common Stock",26.725919789762436,1.7832437,2.39,12.163,75.0,52.0,60.07692,59.0,2.26667,buy,1.232,0.291,0.781,65.143,0.05136,0.24728,-0.142,0.167,0.38853002,0.17422001,2.3 - Buy,1.9027
UTI,Universal Technical Institute Inc Common Stock,27.737032977541688,2.987678,1.378,14.799,48.0,35.0,40.83333,40.0,,none,3.097,1.112,1.302,104.405,0.03463,0.105349995,-0.789,0.072,0.55051,0.01985,,1.8142
ATO,Atmos Energy Corporation Common Stock,27.59420815458965,1.7326009,7.363,13.809,206.0,170.0,185.54546,183.0,2.71429,hold,3.083,0.537,0.814,67.662,0.03893,0.09792,0.233,0.048,0.62212,0.37223998,2.7 - Hold,1.8975
EPD,Enterprise Products Partners L.P. Common Stock,25.664907044536033,2.5423002,1.911,10.84,46.0,38.0,41.47619,41.0,2.34783,buy,0.114,0.563,0.927,109.972,0.0592,0.20852,0.285,0.608,0.13325,0.11763,2.3 - Buy,1.3344
PAYX,"Paychex, Inc.",19.76048440963299,,,,,,,,,,,,,,,,,,,,,1.8455
PEP,"PepsiCo, Inc.",26.006532426664027,,,,,,,,,,,,,,,,,,,,,1.376
NEE,"NextEra Energy, Inc. Common Stock",23.944067432991226,2.7654445,9.629,18.937,114.0,55.0,98.15789,100.0,1.90476,buy,1.374,0.348,0.534,161.676,0.024430001,0.11677,0.531,0.124,0.61024,0.31524,1.9 - Buy,1.5549
ROP,"Roper Technologies, Inc.",25.605719273099137,,,,,,,,,,,,,,,,,,,,,1.432
STZ,"Constellation Brands, Inc. Common Stock",24.724908184541043,2.348225,3.317,8.692,209.0,110.0,163.34782,165.0,2.04167,buy,0.566,0.247,0.913,123.205,0.08574,0.2369,0.307,-0.033,0.5272,0.35931,2.0 - Buy,1.495
GEN,Gen Digital Inc.,27.47294754284549,4.966171,4.1,8.641,46.0,25.0,32.55556,32.0,2.2,buy,0.89,0.278,0.466,307.831,0.084910005,0.41944,0.64,0.063,0.78007007,0.35554,2.2 - Buy,1.3749
DTE,DTE Energy Company Common Stock,23.59691367821534,2.086188,3.228,14.694,168.0,132.0,153.7857,156.5,1.88235,buy,0.202,0.395,0.802,229.06,0.02769,0.1103,0.224,-0.015,0.29347,0.13623999,1.9 - Buy,1.6757
CNP,"CenterPoint Energy, Inc (Holding Co) Common Stock",29.524837099860395,2.0682292,5.034,12.566,50.0,38.0,45.05882,46.0,2.15789,buy,0.688,0.353,1.123,210.256,0.029979998,0.09825,0.233,0.107,0.47027,0.24489,2.2 - Buy,1.6234
LINC,Lincoln Educational Services Corporation,24.601397406626717,,,,,,,,,,,,,,,,,,,,,1.7369
NATR,"Nature's Sunshine Products, Inc.",22.82732133615932,,,,,,,,,,,,,,,,,,,,,1.9992
PNI,Pimco New York Municipal Income Fund II Common Shares of Beneficial Interest,8.945477994797333,0.7825086,20.501,,,,,,,none,0.062,5.456,5.456,74.96,0.03039,0.14461,,0.982,1.0,0.84537005,,
ABT,Abbott Laboratories Common Stock,29.89750190136466,3.3459728,4.267,17.018,135.0,103.0,120.2636,120.0,1.51852,buy,3.238,0.797,1.376,63.212,0.05328,0.10576,-0.475,0.13,0.56847,0.14706999,1.5 - Buy,1.8991
WCN,"Waste Connections, Inc. Common Shares",29.601682184499268,4.9000444,4.95,15.47,220.0,162.0,202.04,204.0,1.42857,strong_buy,0.399,0.55,0.657,121.68,0.05494,0.13033,0.044,0.064,0.42529,0.19695999,1.4 - Strong Buy,1.5071
STC,Stewart Information Services Corporation Common Stock,10.322710471710554,0.9099562,0.609,6.968,91.0,71.0,82.25,83.5,,none,9.983,1.833,1.847,46.09,0.04547,0.096140005,0.071,0.243,0.61847997,0.06954,,
OKE,"ONEOK, Inc. Common Stock",28.092989001722646,2.343419,2.204,11.311,112.0,89.0,101.5,104.5,2.27273,buy,0.255,0.515,0.737,143.07,0.05767,0.16277,0.142,0.528,0.27214,0.13254,2.3 - Buy,1.7103
TRTX,"TPG RE Finance Trust, Inc. Common Stock",10.939027478386654,0.46141374,29.641,,11.0,8.25,9.875,10.0,1.83333,buy,0.854,112.819,112.971,335.581,0.013250001,0.05436,-0.429,-0.116,0.76663,0.43465,1.8 - Buy,
WM,"Waste Management, Inc. Common Stock",26.804208331372948,8.21761,4.064,13.418,277.0,220.0,259.92,263.0,1.75,buy,1.393,0.801,0.907,235.301,0.06566,0.29841,0.083,0.04,0.40601003,0.18986,1.8 - Buy,1.9016
JBHT,"J.B. Hunt Transport Services, Inc.",29.380456576309914,,,,,,,,,,,,,,,,,,,,,1.6899
SO,Southern Company (The) Common Stock,28.33308471005597,2.4097333,5.707,12.079,112.0,79.0,98.13158,101.0,2.6087,hold,2.594,0.441,0.787,182.058,0.03271,0.114829995,0.304,0.001,0.48289,0.29612,2.6 - Hold,1.9727
MTG,MGIC Investment Corporation Common Stock,14.145386815537996,1.0648644,4.801,6.214,35.0,28.0,31.0,31.0,2.83333,hold,1.01,3.243,4.964,12.903,0.088,0.13923,0.062,-0.029,0.92607003,0.80851996,2.8 - Hold,
IQI,Invesco Quality Municipal Income Trust Common Stock,14.147619619896052,0.8309235,,,,,,,3.5,hold,,1.054,1.054,50.342,0.026970001,0.03201,10.252,0.009,1.0,0.87734,3.5 - Hold,
VKI,Invesco Advantage Municipal Income Trust II Common Shares of Beneficial Interest (DE),14.291660072577992,0.81686145,17.739,,,,,,2.0,buy,0.002,1.177,1.177,56.757,0.02681,0.02658,9.442,0.002,1.0,0.87788004,2.0 - Buy,
ESNT,Essent Group Ltd. Common Shares,14.40638846628785,0.9190167,3.781,5.828,80.0,65.0,74.71429,75.0,2.375,buy,7.769,1.101,1.791,8.757,0.07202,0.12009,0.078,0.136,0.76005995,0.6575,2.4 - Buy,
SAFE,Safehold Inc. New Common Stock ,16.339636001157718,0.3428788,12.994,16.389,28.0,13.0,17.9,16.5,2.72727,hold,0.225,36.517,37.645,176.953,0.028800001,0.0464,0.078,0.2,0.92913,0.73670995,2.7 - Hold,
EPRT,"Essential Properties Realty Trust, Inc. Common Stock",16.96576987228129,1.2661891,13.684,14.934,40.0,30.0,36.4,37.0,1.25,strong_buy,0.583,3.724,3.841,65.659,0.03579,0.064780004,0.075,0.181,0.98414004,0.62468,1.3 - Strong Buy,
VMO,Invesco Municipal Opportunity Trust Common Stock,16.994531225166817,0.8159078,17.593,,,,,,,none,0.077,1.699,1.699,55.582,0.02684,0.02733,10.215,-0.004,1.0,0.87777,,
VCV,Invesco California Value Municipal Income Trust Common Stock,17.11420514034934,0.85304445,,,,,,,,none,,1.911,1.917,61.872,0.024400001,0.023810001,13.296,-0.033,1.0,0.87008005,,
CCEC,Capital Clean Energy Carriers Corp.,17.598041958339557,0.7302342,9.595,12.205,30.0,23.0,25.83333,25.5,1.83333,buy,4.192,1.085,1.154,189.423,0.028199999,0.06587,-0.06,0.085,0.76768,0.50632,1.8 - Buy,
GTY,Getty Realty Corporation Common Stock,17.756041434356653,1.558069,12.118,13.383,39.0,33.0,36.42857,36.0,2.375,buy,0.078,1.317,1.719,96.193,0.043369997,0.094639994,0.504,0.109,0.96416,0.55269,2.4 - Buy,
GNL,"Global Net Lease, Inc. Common Stock",17.955742876585006,1.1544374,8.762,12.053,12.0,8.0,10.14286,10.0,,none,0.729,3.884,5.63,161.696,0.02189,-0.00962,,-0.1,0.85733,0.31274998,,
CLB,Core Laboratories Inc. Common Stock,18.038612525873596,1.6321723,1.143,10.389,21.0,11.0,15.0,13.0,2.33333,buy,0.495,1.374,2.121,59.23,0.04445,0.090459995,-0.412,-0.043,0.19516,0.07361,2.3 - Buy,
BXMT,"Blackstone Mortgage Trust, Inc. Common Stock",18.20313378590067,0.59872407,42.968,,23.0,16.0,18.85714,18.0,2.0,buy,2.819,98.554,98.576,484.696,0.00077,0.00448,,-0.731,1.0,-3.69142,2.0 - Buy,
O,Realty Income Corporation Common Stock,13.390010716460294,1.2991052,13.936,15.777,74.0,59.0,67.2625,67.5,2.5,buy,0.602,0.741,1.528,74.722,0.02359,0.03225,0.692,0.096,0.9268,0.46965998,2.5 - Buy,2.8516
EVN,Eaton Vance Municipal Income Trust Common Stock,18.43544456442944,0.8558726,,,,,,,,none,,1.203,1.203,51.819,0.025810001,0.086330004,,0.059,1.0,0.86503,,
WY,Weyerhaeuser Company Common Stock,18.763469102525118,1.4551982,2.722,27.11,38.0,24.0,30.63636,30.0,1.66667,buy,0.731,1.004,1.816,57.625,0.00674,0.04974,0.871,-0.009,0.14507,0.080340005,1.7 - Buy,
CIM,Chimera Investment Corporation Common Stock,19.027507348023352,0.33030638,62.512,,15.5,13.0,14.16667,14.0,,none,5.897,47.421,53.783,556.804,8.0000005e-05,0.00048000002,,0.081,0.89568,0.33801997,,
VKQ,Invesco Municipal Trust Common Stock,19.321961420939857,0.8240209,,,,,,,,none,,1.028,1.028,58.597,0.02644,0.02932,9.33,0.027,1.0,0.876,,
DMB,"BNY Mellon Municipal Bond Infrastructure Fund, Inc. Common Stock",19.472212564328483,0.78692085,13.541,,,,,,,none,0.085,1.245,1.276,19.307,0.02422,0.025020001,9.617,-0.0,1.0,0.8362,,
NMI,"Nuveen Municipal Income Fund, Inc. Common Stock",19.58049259481324,0.9454399,19.554,,,,,,,none,0.021,1.733,1.733,,0.0279,0.057239998,,0.129,1.0,0.85476,,
VEL,"Velocity Financial, Inc. Common Stock",19.809150813983553,0.8179491,26.653,,23.5,19.0,21.5,22.0,,none,1.931,15.137,15.552,972.462,0.014989999,0.16317,-0.069,0.227,0.75671,0.52085,,
LADR,Ladder Capital Corp Class A Common Stock,19.90158841391373,0.7748291,23.379,,13.5,10.25,12.0,12.0,,none,0.297,3.037,3.084,281.639,0.010369999,0.035669997,-0.151,0.022,0.692,0.28209,,
FOA,Finance of America Companies Inc. Class A Common Stock,19.973043857893703,0.3258488,36.096,,32.0,30.0,31.0,31.0,,none,9.251,10.497,10.618,2968.466,-0.0012899999,-0.099259995,,-0.648,0.71128,-0.67553,,
EFC,Ellington Financial Inc. Common Stock ,20.105102578794597,0.8648925,44.857,,16.0,14.0,14.85714,15.0,,none,7.759,7.604,7.625,928.78,0.01186,0.12247,-0.033,0.338,1.0,0.55869997,,
PRG,"PROG Holdings, Inc. Common Stock",20.18088445386846,1.5292547,0.778,4.499,64.0,45.0,53.42857,50.0,1.16667,strong_buy,2.139,3.464,4.518,110.148,0.15037,0.17066,-0.042,0.223,0.36145002,0.16605,1.2 - Strong Buy,
NHS,Neuberger High Yield Strategies Fund Inc. Common Stock,20.39234708350949,0.7947214,,,,,,,,none,,1.273,1.309,46.939,0.03471,0.08154,-0.11,0.029,1.0,0.8875,,
NBH,Neuberger Municipal Fund Inc. Common Stock,20.808469244236765,0.80979955,17.746,,,,,,3.0,hold,0.003,2.157,2.159,68.546,0.02683,0.06216,,0.018,1.0,0.87582,3.0 - Hold,
IVT,InvenTrust Properties Corp. Common Stock,20.915165264622395,1.3313022,10.602,18.163,41.0,35.0,37.28571,37.0,1.75,buy,1.08,1.849,1.849,62.113,0.01133,0.0085,-0.986,0.126,0.72560996,0.15293999,1.8 - Buy,
NMT,Nuveen Massachusetts Quality Municipal Income Fund Common Stock,20.966131136066107,0.9296708,,,,,,,,none,,1.765,1.765,65.201,0.02227,0.08988,,0.054,1.0,0.83345,,
PMT,PennyMac Mortgage Investment Trust Common Shares of Beneficial Interest,21.010635825114697,0.52379686,34.948,,15.0,10.0,11.28571,10.0,,none,3.15,1.344,1.798,1239.082,0.007929999,0.089370005,,0.061,0.82927,0.10908,,
SEG,Seaport Entertainment Group Inc. Common Stock,21.577518828622036,0.725653,2.284,-5.515,36.0,36.0,36.0,36.0,,none,9.196,5.287,5.939,22.73,-0.09432,-0.26176,,-0.148,-0.16399999,-0.27064,,
EIC,Eagle Point Income Company Common Shares of Beneficial Interest,21.729983802824236,0.73813707,4.527,,13.0,12.5,12.75,12.75,,none,0.239,1.887,1.974,15.616,0.066479996,-0.018129999,0.73,-0.204,1.0,0.85837996,,
DNP,"DNP Select Income Fund, Inc. Common Stock",21.74391393149341,0.92410195,28.309,,,,,,,none,0.148,2.185,2.193,28.164,0.0172,0.18993999,0.959,0.043,1.0,0.80151004,,
MITT,"TPG Mortgage Investment Trust, Inc. Common Stock",21.84971729806052,0.559789,93.826,,10.25,8.0,9.0,9.0,,none,1.943,8.823,8.847,1344.882,0.0057099997,0.08121,,0.537,0.87797,0.80028,,
MIY,"Blackrock MuniYield Michigan Quality Fund, Inc. Common Stock",21.98766991224112,0.9087251,,,,,,,,none,,3.06,3.106,64.497,0.023729999,0.027090002,,0.039,1.0,0.86642,,
SMHI,SEACOR Marine Holdings Inc. Common Stock ,22.040948304868426,0.8743405,2.312,-42.215,11.0,11.0,11.0,11.0,,none,2.042,1.741,2.378,127.352,-0.0521,-0.069749996,,-0.102,0.16523,-0.28155002,,
FBRT,"Franklin BSP Realty Trust, Inc. Common Stock",22.063548865318246,0.4327509,17.088,,13.0,10.0,11.66667,12.0,2.0,buy,1.847,7.956,8.697,270.288,0.01075,0.04119,-0.368,0.142,0.99637,0.08555,2.0 - Buy,
RPT,Rithm Property Trust Inc. Common stock,22.094124679911488,0.35496485,32.574,,24.0,18.0,22.0,24.0,,none,8.582,1.704,1.782,222.06,0.00307,0.010299999,0.125,0.096,0.90760005,0.31386,,
RDN,Radian Group Inc. Common Stock,17.5031703703154,0.850207,2.839,5.185,48.0,35.0,44.5,46.0,1.66667,buy,5.382,0.703,1.588,27.967,0.0529,0.12026,-0.162,0.935,0.69302005,0.31627,1.7 - Buy,
OXM,"Oxford Industries, Inc. Common Stock",17.587971836785684,0.6484995,0.6,10.193,35.0,33.0,34.0,34.0,,none,0.602,0.349,1.175,92.845,0.00978,-0.011720001,1.902,-0.022,0.607,0.06546,,
IIM,Invesco Value Municipal Income Trust Common Stock,12.630560336261833,0.8268775,,,,,,,,none,,0.924,0.924,50.984,0.02712,0.030620001,9.066,0.018,1.0,0.87953,,
MSDL,Morgan Stanley Direct Lending Fund Common Stock,22.934407223824216,0.6989744,8.207,,17.0,14.0,15.60714,16.0,,none,0.683,1.414,1.52,120.27,0.048860002,0.03475,-0.774,-0.108,1.0,0.79954004,,
MMU,"Western Asset Managed Municipals Fund, Inc. Common Stock",22.973777494783242,0.813297,,,,,,,1.0,strong_buy,,14.813,14.92,49.43,0.02112,0.08776,,-0.003,1.0,0.78276,1.0 - Strong Buy,
RYN,Rayonier Inc. REIT Common Stock,23.141314720514316,1.0518477,7.21,20.506,32.0,23.0,26.0,24.5,,none,1.384,2.494,3.562,36.025,0.01757,0.02015,-0.976,2.721,0.24815,0.1179,,
RQI,Cohen & Steers Quality Income Realty Fund Inc Common Shares,23.327181682867174,0.90179527,24.893,,,,,,,none,0.002,1.538,2.326,39.433,0.01603,0.12408,2.293,0.043,1.0,0.73718,,
FT,Franklin Universal Trust Common Stock,23.788594869762044,0.7771277,15.52,,,,,,,none,0.002,6.154,6.154,26.353,0.029360002,0.091800004,,,1.0,0.81889,,
GNW,Genworth Financial Inc Common Stock,24.031812763436793,0.38757348,0.628,8.969,11.5,11.5,11.5,11.5,,none,5.486,1.104,10.675,23.338,0.0034999999,0.033970002,0.0,0.053,0.06625,0.07248,,
HPI,John Hancock Preferred Income Fund Common Shares of Beneficial Interest,24.53797384752141,0.86978126,,,,,,,4.0,underperform,,1.467,1.565,59.62,0.037920002,0.07969,-0.093,0.012,1.0,0.88421,4.0 - Underperform,
SBI,Western Asset Intermediate Muni Fund Inc Common Stock,24.575885212165243,0.8263388,21.204,,,,,,,none,0.0,11.492,11.789,41.875,0.01491,0.07265,,-0.021,1.0,0.58093,,
HTD,John Hancock Tax Advantaged Dividend Income Fund Common Shares of Beneficial Interest,14.711300878728018,0.80368143,,,,,,,,none,,0.021,0.021,43.759,0.02882,0.18486,2.565,0.055,1.0,0.85795,,
AKR,Acadia Realty Trust Common Stock,19.777237725075448,1.1013812,10.983,18.801,26.0,23.0,24.71429,25.0,1.33333,strong_buy,0.374,0.426,1.245,63.176,0.011779999,0.057150003,4.001,0.134,0.70607,0.29906,1.3 - Strong Buy,
JBGS,JBG SMITH Properties Common Shares ,24.920844996098264,0.55007666,7.108,18.725,12.0,12.0,12.0,12.0,4.33333,underperform,1.277,1.022,1.149,164.083,0.00068999996,-0.10864,,0.01,0.48925,0.030720001,4.3 - Underperform,
FCPT,"Four Corners Property Trust, Inc. Common Stock",14.935914222936258,1.4739553,11.78,15.365,30.0,26.0,28.11111,28.0,2.33333,buy,0.365,0.236,0.252,77.616,0.03703,0.07646,-0.025,0.077,0.85603994,0.55078,2.3 - Buy,
BYD,Boyd Gaming Corporation Common Stock,14.938972997394306,1.9464911,1.896,6.621,111.0,87.0,95.9375,93.5,2.36842,buy,4.454,0.646,0.774,130.47,0.07824,0.93084997,-0.049,0.0,0.59126,0.20891,2.4 - Buy,
EVMN,"Evommune, Inc. Common Stock",24.981759769470006,1.0795975,10.761,-1.072,30.0,18.0,24.125,24.0,1.7,buy,5.533,11.482,11.68,3.109,-0.31989,-0.52107,,,1.0,-10.1894,1.7 - Buy,
CCG,Cheche Group Inc.,25.032000796483228,0.3135952,0.015,-0.895,56.941345,56.941345,56.941345,56.941345,,none,55.629,1.153,1.303,50.952,-0.02414,-0.11229,,-0.344,0.06345,-0.05708,,
KFY,Korn Ferry Common Stock,25.06105504006807,1.8231593,1.25,8.804,100.0,82.0,90.25,89.5,1.4,strong_buy,14.962,2.169,2.371,29.869,0.06413,0.14506,0.053,0.068,0.24725,0.11837,1.4 - Strong Buy,
WLK,Westlake Corporation Common Stock,25.067407919065175,0.9147631,1.106,11.102,114.0,67.0,88.375,89.0,2.375,buy,14.492,1.645,2.453,63.814,0.00373,-0.11911,,0.108,0.102180004,0.1122,2.4 - Buy,
VICI,VICI Properties Inc. Common Stock,25.27609701702706,0.86702144,10.559,11.889,38.0,26.0,31.95833,32.0,1.88,buy,0.273,11.235,11.236,60.277,0.04818,0.09849,-0.414,0.057,0.99271005,0.70182997,1.9 - Buy,
TRN,"Trinity Industries, Inc. Common Stock",20.38549283984928,1.7806596,3.542,11.703,34.0,32.0,33.0,33.0,3.0,hold,2.121,0.957,2.168,468.386,0.023359999,0.30156,6.195,-0.042,0.26239002,0.12121,3.0 - Hold,
NLY,Annaly Capital Management Inc. Common Stock,15.449013680277918,0.937562,43.273,,25.0,22.5,24.22727,24.0,,none,0.637,0.529,0.558,737.543,0.02329,0.19567,34.26,4.794,0.97972,0.91652,,
VGM,Invesco Trust for Investment Grade Municipals Common Stock (DE),15.57965645168399,0.81642276,,,,,,,,none,,0.672,0.672,56.499,0.02649,0.02901,9.407,0.038,1.0,0.87773,,
CRTO,Criteo S.A.,25.783183339257036,0.6544953,0.348,2.273,25.0,14.0,20.22727,21.0,2.16667,buy,5.72,1.203,1.288,12.729,0.05233,0.09319,-0.436,-0.113,0.53602004,0.05817,2.2 - Buy,
FCNCP,"First Citizens BancShares, Inc.",15.967311628983607,0.010137375,1.326,,,,,,,none,2115.979,,,,0.010089999,0.106529996,0.31,0.085,0.0,0.39036,,
GBX,"Greenbrier Companies, Inc. (The) Common Stock",26.030685126925583,0.7880349,1.136,10.567,52.0,42.0,45.33333,42.0,4.0,underperform,9.27,1.449,3.676,108.749,0.022179998,0.06341,-0.677,-0.316,0.15123999,0.04493,4.0 - Underperform,
MEC,"Mayville Engineering Company, Inc. Common Stock",21.125720719905612,1.1749961,0.933,15.458,40.0,34.0,36.8,36.0,,none,0.086,0.89,1.699,51.285,-0.010980001,-0.06047,,0.232,0.10854,0.00266,,
ACAD,ACADIA Pharmaceuticals Inc.,16.150911790134888,2.6544592,2.274,26.317,49.0,17.0,32.15789,33.0,1.8,buy,5.551,3.107,3.388,5.652,0.03637,0.35743,0.133,0.164,0.62061,0.12286,1.8 - Buy,
BBGI,"Beasley Broadcast Group, Inc.",26.154695698858326,0.61316025,1.017,-68.953,31.0,31.0,31.0,31.0,1.0,strong_buy,3.615,1.102,1.227,455.311,-0.01387,-1.1584101,,-0.167,0.06889,0.03018,1.0 - Strong Buy,
NFG,National Fuel Gas Company Common Stock,26.21930371952011,1.8374268,3.796,6.261,95.0,91.0,93.0,93.0,2.0,buy,12.996,2.935,3.201,90.92,0.06893,0.19576,-0.116,0.011,0.63229,0.40073,2.0 - Buy,
NINE,"Nine Energy Service, Inc. Common Stock",26.242011660743707,0.80534023,0.404,25.048,14.76,12.0,13.38,13.38,,none,1.208,1.484,2.344,99.46,-0.04417,2.83762,,-0.037,0.13904999,-0.020539999,,
MPA,Blackrock MuniYield Pennsylvania Quality Fund Common Stock,16.451305608862473,0.77866536,,,,,,,,none,,0.138,0.142,63.223,0.022550002,0.02691,5.459,0.036,1.0,0.84420997,,
PUMP,ProPetro Holding Corp. Common Stock,26.49503358246706,1.1340603,1.0,7.609,21.0,11.0,16.26923,17.5,2.0,buy,6.383,3.944,4.093,89.604,-0.0055400003,-0.01502,,-0.062,0.22693,-0.0152,2.0 - Buy,
GLU,Gabelli Global Utility Common Shares of Beneficial Ownership,26.560048468019193,0.8808483,29.424,,,,,,,none,0.002,1.779,1.826,0.002,0.014049999,0.1861,-0.233,0.224,1.0,0.75034,,
GDV,Gabelli Dividend & Income Trust Common Shares of Beneficial Interest,26.598888410514714,0.8581569,45.675,,,,,,,none,0.001,3.797,3.825,11.638,0.00527,0.16624,0.282,0.07,1.0,0.37242,,
MCD,McDonald's Corporation Common Stock,21.602236571072787,-159.70955,7.841,14.548,390.0,230.0,297.2069,295.0,2.05882,buy,1.162,0.823,1.081,,0.1325,,0.057,0.037,0.57382,0.46485,2.1 - Buy,2.0568
CALM,"Cal-Maine Foods, Inc.",26.809255628091,1.214533,0.79,4.918,75.0,70.0,72.5,72.5,3.0,hold,19.696,5.783,7.695,,0.06931,0.122200005,,-0.499,0.23082,-0.11043,3.0 - Hold,
PAR,PAR Technology Corporation Common Stock,26.914291590047725,0.69940025,1.858,-32.285,33.0,18.0,25.3125,26.5,1.55556,buy,1.884,1.507,2.21,53.029,-0.02123,-0.08623999,,0.187,0.4302,-0.055209998,1.6 - Buy,
ADV,Advantage Solutions Inc. ,26.925841310077402,0.82854587,0.491,5.773,50.0,34.0,42.0,42.0,,none,7.979,1.593,1.794,383.567,0.0231,-0.50802,,0.018,0.13454,0.00846,,
ROLR,"High Roller Technologies, Inc. Common Stock",26.94163321842695,1.8559762,2.42,-5.501,20.0,14.0,17.0,17.0,,none,1.633,3.355,4.141,2.322,-0.17625,0.014630001,,-0.516,0.59596,-0.87967,,
MHF,"Western Asset Municipal High Income Fund, Inc. Common Stock",16.94731380680768,0.87189907,20.509,,,,,,,none,0.0,0.655,0.787,1.782,0.02159,0.053990003,,-0.001,1.0,0.8158,,
AFYA,Afya Limited,27.259754261747567,1.138777,0.841,2.158,20.7004,14.747003,17.36194,16.969053,3.375,hold,11.376,2.127,2.201,63.264,0.084139995,0.16683,0.176,0.057,0.64023,0.30641,3.4 - Hold,
HE,"Hawaiian Electric Industries, Inc. Common Stock",17.293189548943335,0.8759552,1.251,7.976,12.0,6.5,9.0625,8.875,4.0,underperform,1.382,0.598,0.986,158.868,0.01627,0.13448,3.733,0.259,0.17581,0.045450002,4.0 - Underperform,5.5409
NPB,"Northpointe Bancshares, Inc. Common Stock",17.445601038127524,0.82376885,6.204,,21.5,18.65,20.38333,21.0,,none,15.568,,,,0.01285,0.14757,0.176,0.098,0.0,0.45061,,
IPI,"Intrepid Potash, Inc Common Stock",27.517088482771207,0.82239544,1.003,3.804,44.0,29.0,36.5,36.5,3.66667,underperform,13.993,4.126,6.331,0.629,0.02071,0.03134,3.823,-0.015,0.27831,0.02523,3.7 - Underperform,
CENTA,Central Garden & Pet Company,27.522729529685353,1.2009603,0.814,7.419,50.0,39.0,46.25,48.0,,none,15.924,2.585,3.787,80.634,0.043080002,0.099709995,-0.046,-0.082,0.32571998,0.14262,,
AEBI,Aebi Schmidt Holding AG,27.603838965476307,0.99110067,0.767,10.314,17.0,17.0,17.0,17.0,1.66667,buy,1.414,1.058,1.982,95.424,0.03329,0.03568,,0.787,0.19399,0.05603,1.7 - Buy,
IFN,"Aberdeen India Fund, Inc. Common Stock",27.65138760799899,0.841972,94.502,,,,,,,none,0.05,5.336,5.371,,-0.0033500001,-0.15897,,-0.124,1.0,-0.45272,,
RFI,"Cohen & Steers Total Return Realty Fund, Inc. Common Stock",27.738043495532054,0.88755393,25.831,,,,,,,none,0.001,4.976,4.976,,0.016390001,0.0375,0.313,-0.489,1.0,0.74568003,,
NMCO,Nuveen Municipal Credit Opportunities Fund Common Shares,27.818096586517953,0.83529085,14.216,,,,,,,none,0.162,5.97,5.97,73.294,0.032509997,0.04478,,0.083,1.0,0.83813006,,
ONIT,Onity Group Inc. Common Stock,22.93505247124607,0.3904624,9.504,17.61,55.0,50.0,52.5,52.5,,none,27.434,0.334,3.354,1644.195,0.02657,0.23783001,,0.147,0.93508005,0.50866,,
AGNC,AGNC Investment Corp.,17.955081516894833,0.9985687,34.784,,12.0,10.0,11.05556,11.0,,none,16.154,0.18,0.192,717.093,0.02025,0.19799,,,1.0,0.95614,,
ASMB,"Assembly Biosciences, Inc.",27.979905345748783,1.5255228,2.141,-18.446,62.0,43.0,52.0,52.0,,none,15.734,13.789,13.989,0.769,-0.026719999,-0.00026,,0.389,0.14952,-0.47435,,
OPFI,OppFi Inc. Class A Common Stock,28.008257052174347,1.2417629,2.249,,16.0,11.0,13.315,13.13,,none,0.755,12.316,12.92,69.252,0.25487,0.5824,,-0.139,1.0,0.31206,,
IIF,"Morgan Stanley India Investment Fund, Inc. Common Stock",28.056940785073415,0.83732706,132.787,,,,,,,none,0.85,23.422,23.422,,-0.00466,-0.12663999,,-0.387,1.0,-2.14175,,
NAD,Nuveen Quality Municipal Income Fund Common Stock,28.058933288577403,0.84664935,19.085,,,,,,3.0,hold,0.021,3.235,3.235,71.749,0.02516,0.0657,,-0.006,1.0,0.85702,3.0 - Hold,
MKL,Markel Group Inc. Common Stock,28.130122682686476,1.1181295,1.223,5.919,2107.0,1671.0,1956.3334,1955.0,,none,464.622,1.029,3.151,22.432,0.027999999,0.124639995,0.868,0.127,0.51928,0.30087999,,2.3404
ETOR,eToro Group Ltd.,28.14619472793233,1.5402133,0.1,,90.0,34.0,47.6,46.0,1.8,buy,11.576,2.444,3.378,2.567,0.14655,0.19495001,0.871,-0.246,0.03753,0.02283,1.8 - Buy,
UVV,Universal Corporation Common Stock,23.15843760612018,0.7503905,0.742,9.157,67.0,67.0,67.0,67.0,0.0,strong_buy,6.972,0.719,2.572,85.545,0.035889998,0.022769999,,-0.118,0.17417999,0.00438,0.0 - Strong Buy,11.978
FUND,"Sprott Focus Trust, Inc.",23.17764912517756,0.9244418,34.694,,,,,,,none,0.002,0.531,15.015,,0.011039999,0.28711,3.359,-0.012,1.0,0.61133,,
BIOA,"BioAge Labs, Inc.",28.188771772197473,0.86568993,0.917,-0.09,73.0,20.0,35.625,30.0,,none,6.945,16.749,17.189,0.756,-0.18474,-0.28211,,0.016,0.0,-11.96777,,
ADAM,"Adamas Trust, Inc.",18.318021576876735,0.7503134,32.344,,24.0,9.5,12.125,9.875,2.57143,hold,2.398,0.818,0.844,769.104,0.02005,0.16438,,1.298,0.78673,0.51676,2.6 - Hold,
BKD,Brookdale Senior Living Inc. Common Stock,23.351664494720982,-89.504135,2.622,16.538,23.0,17.0,19.25,18.25,1.33333,strong_buy,1.634,0.855,1.143,,0.015420001,-3.49582,,-0.089,0.28259,0.06806,1.3 - Strong Buy,
CTRE,"CareTrust REIT, Inc. Common Stock",28.405991359733264,1.9225312,17.19,20.258,49.0,43.0,45.15385,45.0,1.30769,strong_buy,0.201,2.948,3.304,26.701,0.0444,0.09056,0.086,0.435,0.96365,0.64858,1.3 - Strong Buy,
SWZ,Total Return Securities Fund Common Stock,18.43565595935187,0.82465273,,,,,,,,,,,,,,,,,,,,
VTN,Invesco Trust for Investment Grade New York Municipals Common Stock,28.54870745143477,0.8393866,,,,,,,2.0,buy,,1.676,1.676,47.396,0.026029998,0.02723,21.007,-0.172,1.0,0.8706,2.0 - Buy,
KRC,Kilroy Realty Corporation Common Stock,28.549305204030713,0.7404193,7.769,14.081,50.0,31.0,40.14286,40.0,2.76471,hold,2.182,1.026,1.103,85.616,0.015700001,0.03431,-0.702,-0.06,0.65379,0.23993,2.8 - Hold,
FLG,"Flagstar Bank, N.A. Common Stock",18.582724556692714,0.6372522,5.711,,18.0,13.0,16.17647,17.0,1.88889,buy,12.351,,,,0.00053,0.0059100003,,0.153,0.0,0.20281,1.9 - Buy,
BOOM,DMC Global Inc.,28.627871433971606,0.4829078,0.642,13.863,10.0,10.0,10.0,10.0,2.0,buy,1.39,1.066,2.556,24.552,-0.00566,-0.043270003,,0.009,0.19931999,0.03477,2.0 - Buy,
EE,"Excelerate Energy, Inc. Class A Common Stock",28.674312742323682,1.4693373,2.476,8.014,50.0,38.0,43.46154,43.0,1.69231,buy,10.913,1.636,1.8,61.285,0.049450003,0.087840006,1.467,0.61,0.37476003,0.24569,1.7 - Buy,
CCAP,"Crescent Capital BDC, Inc.",23.762530692387326,0.5152672,7.984,,14.0,10.25,12.25,12.0,,none,0.423,0.654,1.224,141.059,0.04586,-0.00459,,-0.155,1.0,0.78372,,
VBF,Invesco Bond Fund Common Stock,28.79369484107753,0.85277843,15.397,,,,,,,none,0.014,1.164,1.175,,0.02977,0.06142,1.813,-0.042,1.0,0.89461,,
ACR,ACRES Commercial Realty Corp. Common Stock,28.80422277349671,0.18933818,23.737,,23.0,23.0,23.0,23.0,,none,5.808,76.744,80.025,332.515,0.01273,0.05456,,-0.148,0.46847,-0.02192,,
CENT,Central Garden & Pet Company,28.880594074643184,1.3933575,0.923,8.412,60.0,46.0,53.0,53.0,,none,15.924,2.585,3.787,80.634,0.043080002,0.099709995,-0.046,-0.082,0.32571998,0.14262,,
CHI,Calamos Convertible Opportunities and Income Fund,28.986483980670535,0.953056,,,,,,,,none,,1.015,3.639,44.844,0.00199,0.35838002,,-0.454,1.0,0.14732,,
AMSF,"AMERISAFE, Inc.",29.01773352690138,1.7508891,1.04,5.886,42.0,32.0,35.66667,33.0,,none,4.791,1.445,2.042,,0.03209,0.18225001,0.068,0.134,0.27679002,0.19858,,
NAZ,Nuveen Arizona Quality Municipal Income Fund Common Stock,19.141602188168246,0.8876385,23.039,,,,,,,none,0.017,0.787,0.787,,,,,0.023,1.0,0.83585,,
DX,"Dynex Capital, Inc. Common Stock",19.232912311462787,0.86229587,49.578,,15.0,14.5,14.75,14.75,,none,2.49,0.034,0.059,713.492,0.023120001,0.18231001,,,1.0,0.9177,,
NPV,Nuveen Virginia Quality Municipal Income Fund Common Stock,19.255583594478917,0.7951703,19.152,,,,,,,none,0.176,0.437,0.437,66.027,,,0.117,0.067,1.0,0.84795,,
FVR,"FrontView REIT, Inc. Common Stock",24.282827412188002,0.90097886,11.915,16.524,24.0,19.0,22.41667,23.0,1.58333,buy,0.349,0.671,1.039,62.257,0.01074,0.0043,,0.015,0.86542,0.21214001,1.6 - Buy,
BRBR,"BellRing Brands, Inc. Common Stock ",24.321266354494952,-1.9138875,0.857,6.077,20.0,10.0,14.70833,14.5,2.07143,buy,0.433,0.771,2.254,,0.1907,,0.813,0.042,0.28591,0.114659995,2.1 - Buy,
ORC,"Orchid Island Capital, Inc. Common Stock",19.359249915201303,0.7519734,40.653,,7.5,7.5,7.5,7.5,,none,5.979,0.112,0.124,769.58,0.023629999,0.20798999,,,0.98267996,0.92952,,
SLGN,Silgan Holdings Inc. Common Stock,24.38544367326353,1.5434841,1.22,8.339,61.0,47.0,55.30769,57.0,,none,3.326,0.697,1.272,203.153,0.04244,0.11748,-0.137,0.068,0.1707,0.10297,,
FNF,"Fidelity National Financial, Inc. Common Stock",19.482889601384723,1.3897879,0.814,5.184,70.0,54.0,61.4,64.0,,none,14.978,0.145,0.94,54.297,0.012309999,0.102110006,0.058,0.105,0.54046,0.10666,,
ADT,ADT Inc. Common Stock,19.647182068125748,1.2827004,2.36,4.522,9.0,7.0,8.23,8.5,,none,0.049,0.418,0.69,223.863,0.051799998,0.17212999,0.017,0.02,0.80657,0.24072,,
MCN,XAI Madison Equity Premium Income Fund Common Shares,19.674214388251453,0.82471,30.332,,,,,,,none,0.1,0.39,0.39,,,,,,1.0,0.53101003,,
NNN,"NNN REIT, Inc. Common Stock",19.75331926009831,1.7679963,13.515,14.969,50.5,45.0,47.73333,47.0,2.88235,hold,0.022,0.116,0.18,112.118,0.03914,0.08719,-0.037,0.077,0.96094,0.61697,2.9 - Hold,
CINF,Cincinnati Financial Corporation,24.814889093462043,1.4664556,1.68,5.371,200.0,177.0,191.66667,192.5,,none,12.327,0.972,1.151,5.255,0.06409,0.21484,0.855,0.316,0.31066,0.37202,,
HIG,"The Hartford Insurance Group, Inc. Common Stock",24.82532464105958,1.7221432,1.155,6.064,164.0,135.0,149.4,149.0,2.3913,buy,14.734,0.999,1.772,22.33,0.038510002,0.22061001,0.361,0.081,0.37868,0.17615,2.4 - Buy,
CASH,"Pathward Financial, Inc.",19.83016741812381,1.757715,2.064,,105.0,97.0,101.0,101.0,,none,7.192,,,,0.024300002,0.21176,-0.247,-0.135,0.0,0.20522,,
KREF,KKR Real Estate Finance Trust Inc. Common Stock,29.8880762810717,0.5928967,-68.653,,9.5,7.0,7.75,7.25,,none,1.435,3.952,4.385,435.784,-0.02834,-0.16524,,,0.0,1.3582699,,
IVR,INVESCO MORTGAGE CAPITAL INC Common Stock,19.92134825406946,0.75123763,49.755,,9.5,7.25,8.16667,7.75,2.83333,hold,0.835,0.019,0.046,627.199,0.019,0.14128,,,1.0,0.86518997,2.8 - Hold,
HMN,Horace Mann Educators Corporation Common Stock,25.13695475271689,1.2017028,1.243,7.718,59.0,54.0,56.5,56.5,,none,5.664,0.219,2.872,39.537,0.01048,0.12385,0.423,0.077,0.39488,0.13213,,
RCI,"Rogers Communication, Inc. Common Stock",20.213813322559044,1.3872521,2.945,6.991,41.874348,35.516705,38.658417,38.584194,2.05556,buy,3.756,0.44,0.545,199.991,0.03842,0.30921,,0.077,0.44259,0.22243999,2.1 - Buy,
TFIN,"Triumph Financial, Inc. Common Stock",20.40477371455811,1.56102,1.625,,88.0,67.0,80.6,82.0,2.8,hold,37.532,,,,0.00556,0.04121,1.933,0.119,0.0,0.21277,2.8 - Hold,
MRP,"Millrose Properties, Inc. Class A Common Stock",25.41740651234691,0.7369048,8.901,,40.0,35.0,37.16667,36.5,1.16667,strong_buy,0.206,0.164,46.568,42.58,0.045760002,0.081199996,0.116,0.321,0.85307,0.85156995,1.2 - Strong Buy,
ADC,Agree Realty Corporation Common Stock,20.808721861972465,1.3076923,15.759,18.172,93.0,72.0,83.33333,83.5,1.85,buy,0.259,0.244,0.271,58.984,0.02399,0.037049998,0.021,0.168,0.87656,0.48116,1.9 - Buy,
KRG,Kite Realty Group Trust Common Stock,21.01554457204497,1.7030933,9.667,16.262,34.0,27.0,30.77778,31.0,2.54545,hold,0.722,0.471,0.929,96.238,0.01818,0.10738,0.58,-0.08,0.73175,0.24018,2.5 - Hold,
PGZ,Principal Real Estate Income Fund Common Shares of Beneficial Interest,11.040658572926931,,,,,,,,,none,,,,,,,,,0.0,0.0,,
JBS,JBS N.V. Class A Common Shares,26.179093280329585,1.4700521,0.385,6.349,20.68534,14.958011,18.113256,17.995907,1.64286,buy,3.239,0.7,1.533,283.037,0.049239997,0.13378,,0.138,0.11797,0.030650001,1.6 - Buy,
FBIOP,"Fortress Biotech, Inc.",21.225464833648616,3.3509235,6.563,-17.988,,,,,,none,5.894,3.762,3.959,25.871,-0.07757,1.15985,,0.14,0.63278,-0.53457,,
PFSI,"PennyMac Financial Services, Inc. Common Stock",21.314300390645275,0.73923254,7.989,,100.0,78.0,90.57143,90.0,2.125,buy,8.007,0.467,0.932,549.403,0.01451,0.09377,-0.839,0.018,0.86019,0.04483,2.1 - Buy,
FTF,Franklin Limited Duration Income Trust Common Shares of Beneficial Interest,21.411634351860666,0.84223765,9.632,,,,,,,none,0.115,0.309,0.309,37.914,0.04324,0.0437,-0.553,-0.048,1.0,0.85871005,,
OYSEU,Oyster Enterprises II Acquisition Corp,11.658877199441077,,,,,,,,,,,,,,,,,,,,,
JKS,JinkoSolar Holding Company Limited American Depositary Shares (each representing 4 Common Shares),26.686477710054906,0.23074429,0.673,13.027,32.61,11.0,20.44429,16.0,,none,320.5,0.556,1.132,143.792,,,,-0.313,0.047509998,-0.11534,,
CTEV,Claritev Corporation Class A Common Stock,21.75518595347442,-1.2171564,5.072,9.352,73.0,30.0,46.0,43.0,1.8,buy,0.848,0.687,0.995,,0.01194,,,0.066,0.72966003,0.12804,1.8 - Buy,
MBINL,Merchants Bancorp,11.844180845387205,,,,,,,,,,,,,,,,,,,,,
NMIH,NMI Holdings Inc,11.873930084749885,,,,,,,,,,,,,,,,,,,,,
ORI,Old Republic International Corporation Common Stock,21.934645460110257,1.4734806,0.885,5.538,48.0,39.0,43.5,43.5,,none,11.053,0.262,0.294,37.518,0.0312,0.18571,0.617,0.134,0.63918,0.17448999,,
MHD,"Blackrock MuniHoldings Fund, Inc. Common Stock",22.01371218575341,0.8,,,,,,,3.0,hold,,0.048,0.049,71.363,0.02527,0.02298,,0.112,1.0,0.87565005,3.0 - Hold,
BCE,"BCE, Inc. Common Stock",22.056255695061825,1.2996577,2.573,7.336,28.248928,24.649393,26.445295,26.437567,2.21053,buy,0.514,0.505,0.733,172.785,0.04423,0.30469,-0.038,0.015,0.44945,0.22052999,2.2 - Buy,
AMH,American Homes 4 Rent Common Shares of Beneficial Interest,27.09139240107204,1.6063216,8.889,17.141,42.0,31.0,37.11364,38.0,2.0,buy,0.233,0.262,1.672,68.848,0.021930002,0.07084,0.106,0.028,0.56646997,0.25921,2.0 - Buy,
MQY,"Blackrock MuniYield Quality Fund, Inc. Common Stock",22.12525544020634,0.79900223,,,,,,,,none,,0.098,0.102,70.402,0.02407,0.024330001,,0.071,1.0,0.83007,,
TPB,"Turning Point Brands, Inc. Common Stock",22.129001335042492,2.7363417,2.451,16.54,140.0,90.0,118.5,120.5,1.16667,strong_buy,13.383,3.471,5.669,68.426,0.05756,0.17572,-0.772,0.226,0.56736,0.04172,1.2 - Strong Buy,
PB,"Prosperity Bancshares, Inc. Common Stock",22.274919108487808,0.80235094,6.457,,85.0,68.0,81.07692,82.0,2.6,hold,14.012,,,,0.01367,0.07071,0.177,0.259,0.0,0.58042,2.6 - Hold,
NLOP,Net Lease Office Properties Common Shares of Beneficial Interest,22.44255409419519,0.89248574,2.27,3.403,,,,,,none,1.597,0.743,0.857,13.057,0.02343,-0.13475999,,-0.769,0.87662005,0.100030005,,
NPKI,NPK International Inc. Common Stock,22.46462653292605,2.6108825,3.261,11.758,22.0,18.0,20.33333,21.0,1.0,strong_buy,0.098,1.303,1.614,5.169,0.07896,0.111770004,0.415,0.196,0.35808998,0.19722,1.0 - Strong Buy,
EXC,Exelon Corporation,27.519607743214298,1.4042406,3.655,11.079,58.0,41.0,48.52941,48.0,2.7619,hold,1.756,0.716,1.088,177.362,0.028110001,0.09711,-0.002,0.099,0.42363998,0.16590999,2.8 - Hold,2.2467
UE,Urban Edge Properties Common Shares of Beneficial Interest,22.554966023899865,1.9197876,8.716,15.774,26.0,22.0,24.16667,24.0,2.33333,buy,0.462,0.497,0.689,126.633,0.02789,0.05092,-0.693,0.076,0.64747,0.31436002,2.3 - Buy,
UNF,Unifirst Corporation Common Stock,22.703062329834353,2.0610957,1.784,15.189,280.0,262.0,273.33334,278.0,,none,9.338,1.571,3.111,3.869,0.03348,0.05296,-0.488,0.039,0.36678,0.044499997,,
KHC,The Kraft Heinz Company Common Stock,27.7077901590781,0.74837774,1.742,7.898,41.0,19.0,25.47222,25.0,3.05,hold,2.261,0.57,1.061,52.591,0.0363,-0.0876,,-0.014,0.33498,0.1549,3.0 - Hold,
INVH,Invitation Homes Inc. Common Stock,22.73029395508551,1.7174352,8.449,16.038,41.0,28.0,33.52174,34.0,2.08,buy,0.191,0.142,0.43,94.425,0.02479,0.070539996,0.605,0.101,0.56262,0.25115,2.1 - Buy,
FAF,First American Corporation (New) Common Stock,22.782265083283963,1.1022394,0.787,4.587,99.0,83.0,87.66667,85.5,,none,26.72,0.396,0.396,49.421,0.04087,0.13846,0.504,0.15,0.63984,0.15567,,
TYG,Tortoise Energy Infrastructure Corporation Common Stock,22.78418007374756,0.8162613,47.516,,,,,,3.0,hold,0.002,0.007,0.016,36.22,0.00435,0.15672,,-0.029,1.0,0.28629,3.0 - Hold,
GLRE,"Greenlight Reinsurance, Ltd.",27.80842422213732,0.68338203,0.591,,,,,,,none,2.338,0.082,1.498,1.655,0.01779,0.074990004,,-0.103,0.12392,-0.20784001,,
AWP,abrdn Global Premier Properties Fund Common Shares of Beneficial Interest,22.8524498280014,0.8665497,34.156,,,,,,,none,0.081,0.09,0.092,11.63,0.00901,0.17091998,,-0.107,1.0,0.61019003,,
MYI,"Blackrock MuniYield Quality Fund III, Inc Common Stock",22.92360456276131,0.80924374,,,,,,,,none,,0.064,0.066,70.228,0.02487,0.031070001,165.414,0.063,1.0,0.87709,,
GOODN,Gladstone Commercial Corporation,22.986698942129962,6.426761,11.88,16.649,,,,,,none,0.38,1.631,1.816,262.195,0.033800002,0.07337,2.36,0.113,0.79099,0.40355998,,
SMC,Summit Midstream Corporation Common Stock,23.012910504540578,0.7799479,3.457,10.017,50.0,43.0,46.5,46.5,,none,1.521,0.82,0.944,134.911,0.023699999,-0.029189998,,0.106,0.45119,0.16494,,
CAG,"ConAgra Brands, Inc. Common Stock",23.06733095409208,1.0116673,1.243,8.05,23.0,11.0,14.38125,14.0,3.29412,hold,0.456,0.275,0.904,117.577,0.04404,-0.25064,,0.036,0.23952,0.13771,3.3 - Hold,
CNX,CNX Resources Corporation Common Stock,23.198823533386417,0.95904744,3.264,3.818,48.0,32.0,37.72727,37.0,3.08333,hold,0.042,0.298,0.716,49.137,0.08719,0.21249,-0.477,-0.181,0.73616,0.62878,3.1 - Hold,
WD,"Walker & Dunlop, Inc Common Stock",28.205532649382786,0.68427205,2.814,,59.0,55.0,57.0,57.0,,none,5.639,0.551,1.574,136.457,0.008590001,0.023599999,-0.909,-0.1,1.0,0.00767,,
BTO,John Hancock Financial Opportunities Fund Common Stock,23.222920837930555,0.88533574,32.137,,,,,,,none,0.003,0.019,0.047,16.174,0.01132,0.24988002,191.425,-0.001,1.0,0.6087,,
HR,Healthcare Realty Trust Incorporated Common Stock,23.22861445055507,1.4416903,9.158,14.991,24.0,18.0,21.41667,21.5,2.53846,hold,0.072,0.052,0.342,103.031,0.0086,-0.019199999,,-0.043,0.61946,0.14713,2.5 - Hold,
BOH,Bank of Hawaii Corporation Common Stock,23.311634413404246,1.7760597,4.323,,92.0,82.0,86.33333,85.0,3.0,hold,14.242,,,,0.00991,0.13017,0.387,0.129,0.0,0.44022,3.0 - Hold,
SPKLU,Spark I Acquisition Corp.,13.324895159464676,,,,,,,,,,,,,,,,,,,,,
OSK,Oshkosh Corporation (Holding Company)Common Stock,28.450320977757322,1.7596679,0.815,8.301,197.0,138.0,169.07294,170.0,1.94444,buy,6.537,0.928,1.718,24.359,0.05014,0.12387,-0.076,0.067,0.15898,0.08405,1.9 - Buy,
JRI,Nuveen Real Asset Income and Growth Fund Common Shares of Beneficial Interest,13.486489229516671,,,,,,,,,none,,,,,,,,,0.0,0.0,,
MSD,"Morgan Stanley Emerging Markets Debt Fund, Inc. Common Stock",28.568004651905405,0.8466273,10.625,,,,,,,none,0.005,0.907,1.196,0.066,0.04088,0.13811,0.064,-0.061,1.0,0.8581,,
ALIT,"Alight, Inc. Class A Common Stock",28.610654667833057,0.2299621,0.953,4.573,22.0,13.0,17.0,16.0,2.8,hold,8.289,0.871,1.425,205.458,0.00566,-0.97275,,-0.032,0.37517,-0.04697,2.8 - Hold,
OLP,"One Liberty Properties, Inc. Common Stock",23.806140416910125,1.5217391,9.732,16.811,28.5,26.0,27.16667,27.0,,none,0.6,0.799,0.853,174.221,0.026689999,0.116459996,0.848,0.103,0.79638,0.35211,,
JHS,John Hancock Income Securities Trust Common Stock,23.813712929820184,0.84955347,17.022,,,,,,,none,0.002,0.025,0.044,64.228,0.02908,0.0635,-0.702,-0.013,1.0,0.87378997,,
PCQ,PIMCO California Municipal Income Fund Common Stock,23.82615489359532,0.76397145,19.335,,,,,,,none,0.214,0.155,0.155,65.318,0.03186,0.18066,,1.937,1.0,0.84873,,
FBK,FB Financial Corporation Common Stock,23.888021894592594,1.334228,2.828,,67.5,65.0,66.34375,67.0,1.25,strong_buy,22.726,,,,0.013040001,0.1108,17.834,1.302,0.0,0.45556,1.3 - Strong Buy,
F,Ford Motor Company Common Stock,28.893032384816163,1.3462827,1.007,24.768,20.0,12.8,16.03,15.5,2.35,buy,5.547,0.877,1.089,456.708,0.00348,-0.18252,,-0.038,0.07115,0.018819999,2.3 - Buy,8.4768
AVA,Avista Corporation Common Stock,28.97720718724384,1.0417719,3.278,9.784,50.0,37.0,41.33333,40.5,2.85714,hold,0.298,0.298,1.1,119.709,0.02726,0.08306,1.479,0.005,0.66753995,0.13317001,2.9 - Hold,2.2729
UHT,Universal Health Realty Income Trust Common Stock,24.015406768754044,3.6111646,8.95,13.772,44.0,44.0,44.0,44.0,,none,0.678,7.368,7.368,274.552,0.04145,0.124680005,0.334,0.007,0.94394,0.3789,,
LOB,"Live Oak Bancshares, Inc. Common Stock",24.02576890228107,1.3767785,1.799,,49.0,45.0,46.75,46.5,,none,20.048,,,,0.00932,0.1168,0.451,0.122,0.0,0.38834,,
CABO,"Cable One, Inc. Common Stock",24.11503407313484,0.19155557,2.047,4.273,86.0,13.0,44.25,39.0,3.33333,hold,32.051,0.398,0.475,940.713,0.0432,-1.26206,,-0.084,0.73467004,0.23148,3.3 - Hold,
WHR,Whirlpool Corporation Common Stock,29.137033480003932,0.52728367,0.59,11.499,137.0,31.0,50.66667,42.5,3.15385,hold,19.003,0.494,1.149,205.431,0.01507,0.05933,-0.011,-0.068,0.13578,0.016210001,3.2 - Hold,
BOKF,BOK Financial Corporation,24.161146294614937,1.2626616,2.712,,160.0,135.0,148.0,148.0,3.0,hold,111.888,,,,0.01249,0.1086,0.332,0.101,0.0,0.40091,3.0 - Hold,
FLO,"Flowers Foods, Inc. Common Stock",24.181416005405968,0.88928056,0.6,6.432,12.0,6.0,7.9,7.0,,none,0.249,0.424,0.772,151.702,0.0493,0.040110003,,,0.48629,0.062529996,,
MYN,"Blackrock MuniYield New York Quality Fund, Inc.Common Stock",24.192498044479045,0.8064813,,,,,,,,none,,0.077,0.08,70.288,,,,0.065,1.0,0.87951,,
PCN,Pimco Corporate & Income Strategy Fund Common Stock,24.26717467606519,0.92766476,10.953,,,,,,,none,0.037,0.226,0.351,29.389,0.053779997,0.080570005,-0.585,0.271,1.0,0.93167,,
HGV,Hilton Grand Vacations Inc. Common Stock ,24.38331533252728,2.4538052,2.213,11.183,74.0,46.0,55.9,52.5,2.3,buy,3.731,2.878,4.814,624.086,0.03348,0.11456,-0.4,0.062,0.24617,0.12666,2.3 - Buy,
PRKS,United Parks & Resorts Inc. Common Stock,24.4067263242356,-2.3802528,2.342,7.52,55.0,40.0,47.3,47.5,,none,0.421,0.234,0.478,,0.078449994,,-0.076,-0.014,0.46013,0.24239999,,
SOBO,South Bow Corporation Common Shares,24.418825888793638,2.5931435,5.969,11.932,39.09,32.0,35.44143,35.0,2.14286,buy,3.481,1.138,1.523,216.098,0.040999997,0.17352,0.391,0.042,0.50175,0.43772998,2.1 - Buy,
RITM,Rithm Capital Corp. Common Stock,29.43566560958898,0.7243673,9.833,,14.0,12.5,13.15,13.0,,none,3.103,0.394,1.069,387.643,0.010089999,0.055910002,-0.932,0.097,0.95561,0.07942,,
OLN,Olin Corporation Common Stock,29.60570387176823,1.032301,0.745,7.95,30.0,16.0,20.73333,20.0,2.86667,hold,1.556,0.791,1.418,199.059,0.01074,-0.10585,,-0.009,0.06858,0.0403,2.9 - Hold,
NP,Neptune Insurance Holdings Inc. Class A Common Stock,29.678534801086364,-16.882717,21.869,47.756,39.0,31.0,34.38462,33.0,2.0,buy,0.128,0.261,1.054,,0.56605,,,0.328,0.52661,0.47521,2.0 - Buy,
HUN,Huntsman Corporation Common Stock,29.845117890433936,0.54109764,0.655,13.755,16.0,9.0,11.23077,11.0,2.92857,hold,1.973,0.713,1.325,85.388,-0.00017000001,-0.038399998,,0.141,0.13496,0.017439999,2.9 - Hold,
JBTM,JBT Marel Corporation Common Stock,29.86656390287243,1.2201434,1.793,11.047,210.0,118.0,167.0625,168.0,1.625,buy,1.819,0.523,1.239,37.545,0.0313,0.0437,8.333,0.049,0.35551,0.08053,1.6 - Buy,
EVG,Eaton Vance Short Diversified Income Fund Eaton Vance Short Duration Diversified Income Fund Common Shares of Beneficial Interest,24.99422892442659,0.8835056,12.893,,,,,,,none,0.024,0.123,0.238,13.899,0.03154,0.0921,-0.204,-0.163,1.0,0.81177,,
MIAX,"Miami International Holdings, Inc. Common Stock",24.996516917400506,2.8718388,1.804,11.622,62.0,45.0,51.4,50.0,,none,7.071,2.268,2.605,2.011,0.09273,0.18143,0.327,0.183,0.34346,0.23427999,,
LEO,"BNY Mellon Strategic Municipals, Inc. Common Stock",25.013257353357687,0.8254157,16.112,,,,,,,none,0.001,0.119,0.119,33.136,0.025209999,0.03001,,0.01,1.0,0.87414,,
RNP,"Cohen & Steers REIT and Preferred and Income Fund, Inc. Common Shares",25.159895149513922,0.84965825,19.122,,,,,,,none,0.103,0.036,0.043,42.705,0.02451,0.11045,1.245,-0.009,1.0,0.83582,,
BMA,Banco Macro S.A.  ADR (representing Ten Class B Common Shares),25.166283432148244,1.0369323,-0.386,,148.73073,83.22696,111.440125,108.05904,1.55556,buy,52540.098,,,,0.01729,0.07071,0.035,0.012,0.0,0.25737,1.6 - Buy,
PJT,PJT Partners Inc. Class A Common Stock,25.17817900964333,11.701378,2.388,,203.0,171.0,187.8,194.0,,none,9.213,1.706,1.706,42.653,0.21099001,0.37633,0.375,0.195,0.95252,0.20994,,
DMO,Western Asset Mortgage Opportunity Fund Inc. Common Stock,25.258161805551783,0.8427763,,,,,,,,none,,0.026,0.032,84.807,0.046669997,0.07401,-0.507,-0.087,1.0,0.85168,,
ABCB,Ameris Bancorp Common Stock,25.268368864349206,1.3001324,4.651,,100.0,88.0,94.16667,93.5,2.28571,buy,18.057,,,,0.01364,0.09398,-0.519,0.036,0.0,0.50194,2.3 - Buy,
BKU,"BankUnited, Inc. Common Stock",25.396175841269457,1.0155461,4.659,,55.0,42.0,49.54545,50.0,2.72727,hold,6.037,,,,0.00778,0.09187999,0.067,0.042,0.0,0.37060001,2.7 - Hold,
EAD,Allspring Income Opportunities Fund Common Shares,25.415519863869257,0.8335645,12.311,,,,,,,none,0.0,0.055,0.055,42.012,0.039330002,0.0956,0.357,-0.096,1.0,0.8987,,
STEW,"SRH Total Return Fund, Inc. Common Stock",25.445753411156858,0.7515251,,,,,,,,none,,0.064,0.069,10.391,0.00229,0.0698,,0.035,1.0,0.3364,,
NHI,"National Health Investors, Inc. Common Stock",25.450629579220752,2.051322,10.301,15.496,90.0,73.0,81.875,80.0,1.75,buy,0.619,1.195,1.817,80.432,0.04385,0.10717,0.452,0.338,0.73925,0.4109,1.8 - Buy,
OZKAP,Bank OZK,15.562706294291582,,,,,,,,,,,,,,,,,,,,,
EVV,Eaton Vance Limited Duration Income Fund Common Shares of Beneficial Interest,25.578710722416805,0.83423835,12.976,,,,,,,none,0.152,0.085,0.116,42.001,0.03464,0.05052,-0.855,-0.034,1.0,0.87027,,
MUC,"Blackrock MuniHoldings California Quality Fund, Inc.  Common Stock",25.587094920826697,0.82718253,,,,,,,,none,,0.11,0.112,66.552,0.02355,0.01907,,0.073,1.0,0.82223,,
GD,General Dynamics Corporation Common Stock,20.667741520263146,3.3416915,1.728,14.291,465.0,319.0,420.25525,430.0,2.08333,buy,16.039,0.852,1.441,35.335,0.06079,0.17803,0.134,0.081,0.15375,0.1038,2.1 - Buy,2.122
FRPT,"Freshpet, Inc.",25.716661762958378,2.2613342,2.471,15.017,104.0,70.0,84.25,83.5,1.64706,buy,7.3,4.867,6.046,39.885,0.03486,0.17622,0.176,0.155,0.41367,0.07113,1.6 - Buy,2.4693
D,"Dominion Energy, Inc. Common Stock",25.799270784170425,1.9067423,6.211,13.493,87.0,63.0,71.91667,70.5,2.5,buy,0.339,0.317,0.809,160.459,0.03041,0.08281,-0.58,0.176,0.46222,0.29219,2.5 - Buy,2.3776
CRS,Carpenter Technology Corporation Common Stock,25.818779233373508,8.658725,6.275,23.73,700.0,540.0,625.875,614.0,,none,7.936,2.106,3.81,32.658,0.118719995,0.25752002,0.464,0.126,0.30584,0.24078,,
ENVA,"Enova International, Inc. Common Stock",25.86122172980575,2.7778056,5.362,,300.0,205.0,241.0,220.5,1.33333,strong_buy,5.433,19.122,20.146,337.015,0.05491,0.26081,0.399,0.311,0.83291,0.29944,1.3 - Strong Buy,
JRS,Nuveen Real Estate Income Fund Common Shares of Beneficial Interest,25.92768496685025,0.8987943,,,,,,,,none,,0.026,0.151,38.368,0.01702,0.18191,,-0.064,1.0,0.75699997,,
PCTTU,"PureCycle Technologies, Inc.",16.0827856184836,,,,,,,,,,,,,,,,,,,,,
GLQ,Clough Global Equity Fund Clough Global Equity Fund Common Shares of Beneficial Interest,26.308308252156436,0.8066084,56.619,,,,,,,none,0.001,0.004,0.967,23.626,0.00056,0.35901,,-0.003,1.0,0.07557,,
OGS,"ONE Gas, Inc. Common Stock",26.338346863840094,1.2756932,3.417,10.062,103.0,79.0,88.72222,87.0,1.7,buy,0.171,0.19,0.481,95.903,0.03464,0.085760005,0.396,-0.029,0.38094002,0.19847,1.7 - Buy,
SPE,"Special Opportunities Fund, Inc Common Stock",26.351614542502723,0.7973255,,,,,,,,none,,0.568,0.568,,0.01391,0.047280002,-0.785,0.176,1.0,0.72383004,,
GLPI,"Gaming and Leisure Properties, Inc.",26.3541037950484,2.2165792,11.785,11.837,63.0,43.0,52.3913,52.0,2.0,buy,1.097,22.195,24.29,155.719,0.06415,0.19354999,0.479,0.09,1.02151,0.77479,2.0 - Buy,
DSM,"BNY Mellon Strategic Municipal Bond Fund, Inc. Common Stock",26.377993392588582,0.79993856,16.241,,,,,,,none,0.009,0.154,0.155,36.78,0.025840001,0.099530004,,0.031,1.0,0.87992996,,
DTM,"DT Midstream, Inc. Common Stock ",26.393744235436422,2.550271,11.856,16.881,170.0,130.0,153.2,152.0,,none,1.686,1.195,1.372,68.543,0.040349998,0.09901,0.048,0.11,0.75344,0.50437,,
NOC,Northrop Grumman Corporation Common Stock,26.58448007641152,3.8405569,1.945,11.5,815.0,538.0,644.4545,625.0,2.0,buy,16.239,1.014,1.168,95.348,0.07148,0.26958,-0.058,0.051,0.2006,0.11604,2.0 - Buy,3.4068
TDF,"Templeton Dragon Fund, Inc. Common Stock",26.59671006494379,0.76542234,38.395,,,,,,,none,0.009,0.301,0.786,,0.00487,0.12772,,-0.013,1.0,0.47446,,
NBHC,National Bank Holdings Corporation Common Stock,26.814895169355772,1.0457358,3.733,,51.0,44.0,48.0,48.5,2.25,buy,9.236,,,,0.00873,0.06527,-0.341,0.221,0.0,0.2857,2.3 - Buy,
AGO,Assured Guaranty Ltd. Common Stock,26.81622019217854,0.5364003,4.259,,97.0,85.0,91.0,91.0,1.33333,strong_buy,28.278,0.884,0.99,30.563,0.01582,0.06666,-0.577,-0.005,0.94342005,0.4264,1.3 - Strong Buy,
CENX,Century Aluminum Company,26.86936038721649,2.5384507,1.436,7.995,79.0,55.0,66.5,66.0,1.0,strong_buy,3.469,1.442,2.751,31.281,0.10232,0.51749,,0.197,0.18889,0.28135002,1.0 - Strong Buy,
GDOT,"Green Dot Corporation Class A Common Stock, $0.001 par value",26.897624526854013,0.74613285,-0.165,,18.0,14.25,16.125,16.125,,none,20.065,,,,-0.00441,-0.0279,,0.183,0.0,0.0086199995,,
KIM,Kimco Realty Corporation (HC) Common Stock,26.972578869674386,1.4501175,10.613,17.425,31.0,23.0,26.94048,26.0,2.34783,buy,1.047,0.97,0.971,84.993,0.023740001,0.05806,-0.058,0.049,0.68933,0.36565,2.3 - Buy,
ANRO,"Alto Neuroscience, Inc. Common Stock",27.067558141686384,4.0867615,,-8.922,55.0,26.0,38.382,37.0,1.18182,strong_buy,6.211,14.637,14.852,10.624,-0.26786,-0.49167,,,0.0,0.0,1.2 - Strong Buy,
CCU,"Compania Cervecerias Unidas, S.A. Common Stock",27.115727877791564,,,,14.5,5.8,10.625,10.7,3.85714,underperform,,1.101,1.843,82.488,0.038629998,0.07943,,0.048,0.44667,0.0,3.9 - Underperform,
AIR,AAR Corp. Common Stock,27.170816081675486,2.3061364,1.403,13.179,168.0,145.0,154.5,152.5,1.71429,buy,2.639,1.058,2.827,56.152,0.05781,0.12929,0.042,0.241,0.19063,0.09488,1.7 - Buy,
SKT,Tanger Inc. Common Stock,17.17782727329726,5.8462586,9.142,17.029,46.0,37.0,41.0,41.0,2.72727,hold,1.578,0.521,0.743,278.311,0.04715,0.19399999,0.108,0.115,0.73124003,0.32639998,2.7 - Hold,
CACC,Credit Acceptance Corporation,27.209806385664447,3.4675965,9.051,,660.0,600.0,636.6667,650.0,3.0,hold,0.135,4.552,4.833,395.632,0.05787,0.31932,0.706,0.095,0.94652003,0.52556,3.0 - Hold,
CNA,CNA Financial Corporation Common Stock,27.263428710554894,1.0856838,0.862,7.352,49.0,49.0,49.0,49.0,,none,7.613,0.173,0.366,26.578,0.015319999,0.11324,0.073,0.03,0.31087,0.11439,,
EFSC,Enterprise Financial Services Corporation,27.29858186147302,1.0855954,3.362,,74.0,68.0,71.28571,72.0,1.85714,buy,15.53,,,,0.0113699995,0.09603,-0.199,0.012,0.0,0.30784,1.9 - Buy,
QURE,uniQure N.V.,17.322553585129675,,,,,,,,,,,,,,,,,,,,,
PML,Pimco Municipal Income Fund II Common Shares of Beneficial Interest,27.338007462244107,0.8112113,18.492,,,,,,,none,0.039,0.191,0.191,72.199,0.03196,0.12747,,0.971,1.0,0.86919,,
GBCI,"Glacier Bancorp, Inc. Common Stock",27.344582745039613,1.3041116,6.054,,60.0,53.0,56.5,56.5,1.83333,buy,8.19,,,,0.010290001,0.07946,0.667,0.415,0.0,0.44305,1.8 - Buy,
QFIN,"Qfin Holdings, Inc. ",17.439024914408282,,,,,,,,,,,,,,,,,,,,,
NPFD,Nuveen Variable Rate Preferred & Income Fund Common Shares,27.440569738287845,0.85426635,,,,,,,,none,,0.315,0.422,55.893,0.03221,0.1073,0.236,0.068,1.0,0.83271,,
CFFN,"Capitol Federal Financial, Inc.",27.503078843925167,0.9951749,11.137,,10.0,9.0,9.5,9.5,,none,1.121,,,,0.00856,0.080129996,0.356,0.183,0.0,0.50087,,
AX,"Axos Financial, Inc. Common Stock",27.798259068538833,1.5511001,3.742,,128.0,110.0,117.71429,116.0,1.42857,strong_buy,19.851,,,,0.01791,0.16773,0.124,0.181,0.0,0.45029998,1.4 - Strong Buy,
RSI,"Rush Street Interactive, Inc. Class A Common Stock",27.83552462511876,12.68247,1.583,12.048,40.0,30.0,35.83333,36.0,1.33333,strong_buy,2.987,1.922,2.116,1.519,0.12832,0.30279,-0.187,0.463,0.34967998,0.1174,1.3 - Strong Buy,
BOE,Blackrock Enhanced Global Dividend Trust Common Shares of Beneficial Interest,27.879855875066927,0.891467,41.469,,,,,,,none,0.005,0.131,0.133,0.001,0.0073900004,0.13078,-0.197,0.013,1.0,0.62145,,
OMF,"OneMain Holdings, Inc. Common Stock",27.954448211724074,1.88427,9.462,,85.0,60.0,69.07143,67.5,1.86667,buy,4.929,,,673.042,0.028900001,0.23281999,-0.059,-0.027,0.93675005,0.28592,1.9 - Buy,
HGLB,Highland Global Allocation Fund Common Stock,17.975423102914593,,,,,,,,,none,,,,,,,,,0.0,0.0,,
ALKS,Alkermes plc,27.984717877121973,3.7535896,4.626,27.072,83.0,38.0,56.55556,58.0,1.73684,buy,3.914,1.681,2.3,86.952,0.042,0.03852,-0.994,0.27,0.87182,0.15496999,1.7 - Buy,
CMPR,Cimpress plc,27.992158281090934,-3.8010747,0.94,10.466,121.0,108.0,114.5,114.5,1.5,strong_buy,10.22,0.416,0.728,,0.075040005,,,0.087,0.46106,0.06321,1.5 - Strong Buy,
GUT,Gabelli Utility Trust (The) Common Stock,28.01706555084437,1.8126793,47.549,,,,,,,none,0.0,0.655,0.659,0.007,0.01439,0.16961999,0.268,0.07,1.0,0.65119004,,
BPOP,"Popular, Inc.",28.01938244145487,1.5486307,2.149,,216.0,181.0,196.2,196.0,1.4,strong_buy,77.836,,,,0.0125,0.15647,0.409,0.076,0.0,0.40971002,1.4 - Strong Buy,
NCV,Virtus Convertible & Income Fund Common Shares of Beneficial Interest,28.041148168818687,0.8595483,24.155,,,,,,,none,0.475,0.357,0.361,22.036,0.01894,0.16482,0.34,-0.105,1.0,0.78497005,,
PRI,"Primerica, Inc. Common Stock",28.06398940929417,3.3359053,2.74,8.512,360.0,276.0,324.5,327.5,,none,20.714,1.152,3.73,71.521,0.04664,0.32966,0.195,0.087,0.72097,0.31542,,
CMCSA,Comcast Corporation,28.254081586472058,0.85970527,1.282,4.7,44.0,18.0,28.96913,29.0,2.64286,hold,2.159,0.653,0.796,100.474,0.043080002,0.114879996,-0.668,-0.012,0.6939,0.17233999,2.6 - Hold,
DEI,"Douglas Emmett, Inc. Common Stock",28.26049337726242,0.8727339,8.57,14.793,16.0,11.0,13.1,13.0,2.91667,hold,2.275,0.521,0.546,163.133,0.012610001,-0.01928,,0.016,0.63176996,0.19624001,2.9 - Hold,
SFD,"Smithfield Foods, Inc.",18.292342998977123,,,,,,,,,,,,,,,,,,,,,
ELVN,"Enliven Therapeutics, Inc. ",28.315421468080277,3.7512274,,-19.834,82.0,64.0,73.9,74.0,,none,12.217,63.213,64.073,0.169,-0.109969996,-0.15312,,,0.0,0.0,,
ASR,"Grupo Aeroportuario del Sureste, S.A. de C.V. Common Stock",28.317538528761517,3.0719025,0.967,1.874,392.27,280.0,335.22125,325.0,2.0,buy,388.046,3.241,3.293,71.103,0.117740005,0.22775999,0.071,0.099,0.47798002,0.40611,2.0 - Buy,
EXP,Eagle Materials Inc Common Stock,28.33440657052966,3.5429873,2.928,9.658,237.0,196.0,220.5,222.0,,none,7.613,1.856,3.231,120.746,0.09233,0.2703,-0.125,0.026,0.2702,0.21666999,,
UTG,Reaves Utility Income Fund Common Shares of Beneficial Interest,28.45711632368399,0.780664,,,,,,,,none,,0.004,0.008,23.44,0.00887,0.36066002,4.687,-0.038,1.0,0.67913,,
NJR,NewJersey Resources Corporation Common Stock,28.508239582583723,1.9411516,4.028,11.94,63.0,53.0,59.85714,61.0,2.0,buy,0.335,0.252,0.661,146.778,0.044970002,0.14453,,0.168,0.39178002,0.09133001,2.0 - Buy,2.2165
BBT,Beacon Financial Corporation Common stock,28.543641200696957,0.9237014,2.797,,38.0,33.0,34.83333,34.5,2.42857,buy,15.676,,,,0.00945,0.084230006,2.11,1.445,0.0,0.46051997,2.4 - Buy,
SSB,SouthState Bank Corporation Common Stock,28.54546157177829,1.0572705,3.733,,126.0,105.0,119.5,120.0,1.57143,buy,24.378,,,,0.014099999,0.105979994,0.114,-0.001,0.0,0.50514,1.6 - Buy,
PEG,Public Service Enterprise Group Incorporated Common Stock,28.550816221216547,1.9352242,4.628,13.007,96.0,73.0,84.47222,84.0,2.27273,buy,0.385,0.487,0.877,142.409,0.03238,0.11835,-0.427,-0.089,0.33333,0.18872,2.3 - Buy,3.2665
RLTY,Cohen & Steers Real Estate Opportunities and Income Fund Common Shares of Beneficial Interest,18.571299877040563,,,,,,,,,none,,,,,,,,,0.0,0.0,,
XENE,Xenon Pharmaceuticals Inc.,18.622437055964294,,,,,,,,,,,,,,,,,,,,,
TCBIO,"Texas Capital Bancshares, Inc.",18.667818488747738,,,,,,,,,,,,,,,,,,,,,
SCD,LMP Capital and Income Fund Inc. Common Stock,28.731977794979162,0.85360205,35.801,,,,,,,none,0.043,0.018,0.018,26.545,0.011460001,0.19143,,0.13,1.0,0.60221,,
SBSI,"Southside Bancshares, Inc. Common Stock",28.740978089372305,1.015873,8.778,,35.0,33.0,34.33333,35.0,3.0,hold,13.448,,,,0.00889,0.089949995,0.25,0.083,0.0,0.47232,3.0 - Hold,
RA,Brookfield Real Assets Income Fund Inc. Common Stock,18.84611531825652,,,,,,,,,none,,,,,,,,,0.0,0.0,,
EMD,Western Asset Emerging Markets Debt Fund Inc Common Stock,28.866702553540552,0.83991385,11.659,,,,,,,none,0.011,0.086,0.089,36.244,0.04087,0.14503,-0.246,-0.04,1.0,0.86165,,
GBAB,Guggenheim Taxable Municipal Bond & Investment Grade Debt Trust Common Shares of Beneficial Interest,18.867859384197544,,,,,,,,,none,,,,,,,,,0.0,0.0,,
MBNKO,Medallion Bank,18.931345220673197,,,,,,,,,,,,,,,,,,,,,
L,Loews Corporation Common Stock,28.941535219891733,1.1166835,1.327,7.663,,,,,,none,31.292,0.507,0.507,44.609,0.01909,0.09313,0.156,0.039,0.36290002,0.14533,,
EQBK,"Equity Bancshares, Inc. Class A Common Stock",28.958660306551785,1.1726077,3.909,,61.0,53.0,56.85714,56.0,2.28571,buy,26.857,,,,0.0054699997,0.048979998,0.477,0.381,0.0,0.4628,2.3 - Buy,
FR,"First Industrial Realty Trust, Inc. Common Stock",29.02084628219671,2.8439052,13.843,20.22,86.0,66.0,72.25,72.5,2.0,buy,0.347,1.122,1.498,90.051,0.03524,0.1363,0.393,0.084,0.73745,0.45097,2.0 - Buy,
SBR,Sabine Royalty Trust Common Stock,29.069497411557382,119.84402,13.245,,,,,,,none,0.664,31.551,31.551,,5.07083,9.14237,0.172,0.165,1.0,0.95663,,
EFSCP,Enterprise Financial Services Corporation,29.09100387002989,0.30827594,1.166,,,,,,,none,15.53,,,,0.0113699995,0.09603,-0.199,0.012,0.0,0.30784,,
PXED,"Phoenix Education Partners, Inc. Common Stock",29.093503897121938,2.8239868,0.744,4.398,51.0,34.0,41.375,39.0,1.85714,buy,6.382,1.733,1.915,20.127,0.16928,0.25325,-0.289,0.0,0.56496,0.22794001,1.9 - Buy,
DNTH,"Dianthus Therapeutics, Inc.",29.11348717239109,4.1167946,2121.584,-18.554,200.0,122.0,140.8,134.0,1.0625,strong_buy,15.855,25.791,26.1,0.11,-0.1769,-0.26065,,2.943,1.0,-80.79106,1.1 - Strong Buy,
PRK,Park National Corporation Common Stock,29.143577723262503,1.8692195,4.608,,217.0,190.0,206.0,208.5,3.0,hold,32.159,,,,0.01682,0.12585,0.088,0.257,0.0,0.46613997,3.0 - Hold,
LWAY,"Lifeway Foods, Inc.",19.145113285165944,,,,,,,,,,,,,,,,,,,,,
WAFD,"WaFd, Inc.",19.184734042209868,,,,,,,,,,,,,,,,,,,,,
EEA,"The European Equity Fund, Inc. Common Stock",29.20508256464759,0.7973397,34.153,,,,,,,none,0.137,0.944,0.944,,0.00632,0.16087,-0.322,-0.167,1.0,0.56439,,
HOMB,"Home BancShares, Inc. Common Stock",29.24559943718329,1.2422305,5.011,,36.0,31.0,33.25,33.0,2.3,buy,5.246,,,,0.020130001,0.11106,-0.016,0.086,0.0,0.57611,2.3 - Buy,
ERH,Allspring Utilities and High Income Fund Common Shares,29.25926533320081,0.74350506,20.842,,,,,,,none,0.0,0.048,0.049,24.376,0.01997,0.18961,1.079,-0.06,1.0,0.81538004,,
TPGXL,TPG Inc.,19.29038857154878,,,,,,,,,,,,,,,,,,,,,
CBSH,"Commerce Bancshares, Inc.",29.534986995810677,1.8107841,3.354,,77.0,61.0,66.44444,64.0,2.7,hold,29.001,,,,0.01749,0.14694001,0.012,0.142,0.0,0.45125,2.7 - Hold,
CB,Chubb Limited  Common Stock,29.535816833976252,1.6641085,2.391,9.944,425.0,306.0,366.13043,369.0,2.44,buy,20.653,0.203,0.41,30.941,0.03358,0.14822,-0.007,0.061,0.31129998,0.23527001,2.4 - Buy,2.5224
BCIC,BCP Investment Corporation,29.78464540439061,0.4684697,5.239,,11.0,7.5,9.83333,11.0,,none,0.204,0.095,0.159,156.468,0.07308,-0.02298,,0.201,1.0,0.75358003,,
ADAMZ,"Adamas Trust, Inc.",29.892800278684117,1.6539685,34.551,,,,,,,none,2.398,0.818,0.844,769.104,0.02005,0.16438,,1.298,0.78673,0.51676,,
CFG,"Citizens Financial Group, Inc. Common Stock",29.9069206869044,1.1195589,3.853,,89.0,70.0,80.64706,81.0,1.61111,buy,32.924,,,,0.0094,0.08270001,0.413,0.147,0.0,0.35132998,1.6 - Buy,
GPOR,Gulfport Energy Corporation Common Shares,29.968830755729776,1.4562768,2.63,3.554,253.0,180.0,214.84615,211.0,2.21429,buy,0.06,0.337,0.576,50.48,0.14116,0.27411,-0.468,-0.162,0.68134004,0.49495,2.2 - Buy,
DY,"Dycom Industries, Inc. Common Stock",29.96935663885509,3.9314463,1.572,11.602,625.0,375.0,520.9091,525.0,1.09091,strong_buy,11.662,2.205,2.348,147.703,0.071,0.19197,0.144,0.456,0.20528999,0.09571,1.1 - Strong Buy,
RTX,RTX Corporation Common Stock,24.981631878437888,3.769543,3.022,17.775,265.0,200.0,234.13635,240.0,1.82609,buy,6.162,0.652,1.011,57.02,0.04212,0.12274,0.287,0.145,0.20347,0.12696,1.8 - Buy,2.2145
HBANP,Huntington Bancshares Incorporated,29.98323794607338,1.0400109,4.343,,,,,,,none,8.22,,,,0.00982,0.09002,-0.029,0.476,0.0,0.41932,,
GLV,Clough Global Dividend and Income Fund Common Shares of beneficial interest,29.990031258139616,0.8278524,31.344,,,,,,,none,0.002,0.013,0.978,24.194,0.00813,0.24476999,,-0.22,1.0,0.49875,,
SFBS,"ServisFirst Bancshares, Inc. Common Stock",20.171498786627506,2.210183,9.633,,50.0,47.0,48.33333,48.0,,none,3.443,,,,0.01796,0.17334999,0.401,0.301,0.0,0.70001,,
LQDA,Liquidia Corporation,20.22589043834106,,,,,,,,,,,,,,,,,,,,,
FPF,First Trust Intermediate Duration Preferred & Income Fund Common Shares of Beneficial Interest,20.71594948844372,,,,,,,,,none,,,,,,,,,0.0,0.0,,
JBIO,"Jade Biosciences, Inc.",20.879280364174384,,,,,,,,,,,,,,,,,,,,,
PII,Polaris Inc. Common Stock,25.887375528463657,3.5473778,0.629,9.611,85.0,46.0,71.93333,73.0,2.72222,hold,5.309,0.327,1.2,244.899,0.02638,-0.25571,,0.088,0.21948,0.071729995,2.7 - Hold,3.3368
MNPR,Monopar Therapeutics Inc.,21.172768273066865,,,,,,,,,,,,,,,,,,,,,
BMN,BlackRock 2037 Municipal Target Term Trust Common Shares of Beneficial Interest,21.27679725056374,,,,,,,,,none,,,,,,,,,0.0,0.0,,
RLI,RLI Corp. Common Stock (DE),26.307392581827905,2.897025,2.612,9.031,74.0,53.0,60.5,57.5,,none,2.596,0.427,1.06,18.189,0.056700002,0.25164,0.358,0.152,0.35513002,0.36861,,
RMM,"RiverNorth Managed Duration Municipal Income Fund, Inc. Common Stock",21.349637765677045,,,,,,,,,none,,,,,,,,,0.0,0.0,,
GOODO,Gladstone Commercial Corporation,21.46191309923383,3.4622467,,,,,,,,,,,,,,,,,,,,
RMMZ,"RiverNorth Managed Duration Municipal Income Fund II, Inc. Common Stock",21.570470615663204,,,,,,,,,none,,,,,,,,,0.0,0.0,,
RFM,"RiverNorth Flexible Municipal Income Fund, Inc. Common Stock",21.598872025968795,,,,,,,,,none,,,,,,,,,0.0,0.0,,
VLYPN,Valley National Bancorp,21.6186192395534,,,,,,,,,,,,,,,,,,,,,
HD,"Home Depot, Inc. (The) Common Stock",26.748665319217423,17.086487,2.039,13.994,425.0,310.0,377.1875,379.0,1.94444,buy,2.09,0.259,1.078,380.261,0.121379994,1.0429599,0.046,0.057,0.32801,0.12858,1.9 - Buy,2.504
FRT,Federal Realty Investment Trust Common Stock,21.89834471258472,2.9358819,10.902,17.379,149.0,117.0,132.0,134.0,1.89474,buy,1.327,0.553,0.564,134.114,0.03259,0.12550999,-0.456,0.072,0.68136,0.35035,1.9 - Buy,
PRMB,Primo Brands Corporation Class A Common Stock,27.038711951987697,2.3169544,1.814,9.123,35.0,25.0,30.36364,31.0,,none,1.018,0.701,1.052,191.165,0.04157,0.03588,1.628,0.038,0.3075,0.11502,,
NXRT,"NexPoint Residential Trust, Inc. Common Stock",27.184083673430663,2.011133,8.18,16.706,35.0,18.0,26.5,26.5,3.0,hold,0.784,0.908,2.87,629.179,0.00955,-0.11093,,0.024,0.60032004,0.11203,3.0 - Hold,
XELLL,Xcel Energy Inc.,22.320509670790358,,,,,,,,,,,,,,,,,,,,,
PUK,Prudential Public Limited Company Common Stock,27.40918324283236,6.2839723,8.756,21.154,41.42,34.0,38.05102,38.39204,1.25,strong_buy,1.171,0.963,1.519,28.701,0.016,0.18744,-0.23,-0.018,0.37815,0.28047,1.3 - Strong Buy,2.4341
CMP,Compass Minerals Intl Inc Common Stock,27.45744653319249,3.5106723,1.272,7.42,34.0,27.0,30.75,31.0,,none,1.341,0.832,2.013,293.966,0.04994,0.07169,,0.003,0.1722,0.050630003,,
OCFC,OceanFirst Financial Corp.,22.566494905465362,,,,,,,,,,,,,,,,,,,,,
NESR,National Energy Services Reunited Corp,22.74858882655153,,,,,,,,,,,,,,,,,,,,,
WDI,Western Asset Diversified Income Fund Common Shares of Beneficial Interest,22.866024406647238,,,,,,,,,none,,,,,,,,,0.0,0.0,,
SPEGU,Silver Pegasus Acquisition Corp,22.98775161730441,,,,,,,,,,,,,,,,,,,,,
COLL,"Collegium Pharmaceutical, Inc.",27.988404253475323,2.2733903,2.226,4.439,60.0,43.0,49.0,48.5,1.5,strong_buy,3.977,0.703,1.031,390.461,0.057550002,0.17612,,0.063,0.89449,0.05652,1.5 - Strong Buy,
VC,Visteon Corporation,23.026719095199432,,,,,,,,,,,,,,,,,,,,,
TMUSL,"T-Mobile US, Inc.",23.193095401253288,,,,,,,,,,,,,,,,,,,,,
ILPT,Industrial Logistics Properties Trust,23.24699465989116,,,,,,,,,,,,,,,,,,,,,
TBLD,Thornburg Income Builder Opportunities Trust,23.41161494684406,,,,,,,,,,,,,,,,,,,,,
SBAC,SBA Communications Corporation,23.471719761262953,,,,,,,,,,,,,,,,,,,,,10.7669
LINE,"Lineage, Inc.",23.537888919205553,,,,,,,,,,,,,,,,,,,,,
FUN,Six Flags Entertainment Corporation Common Stock New,23.574497341776905,9.553969,2.079,8.009,28.0,10.0,20.69231,22.0,,none,1.317,0.268,0.42,1455.3,0.02437,-1.4315801,,-0.07,0.38197,0.12994,,
TBBK,"The Bancorp, Inc.",23.68511776659466,,,,,,,,,,,,,,,,,,,,,
ROL,"Rollins, Inc. Common Stock",23.707306084723502,10.138001,3.95,17.916,66.0,27.0,42.82353,43.0,2.52632,hold,0.227,0.424,0.629,78.015,0.14061,0.37008998,0.031,0.079,0.52366,0.18799,2.5 - Hold,2.6402
ACV,Virtus Diversified Income & Convertible Fund Common Shares of Beneficial Interest,23.756503287021125,,,,,,,,,none,,,,,,,,,0.0,0.0,,
R,"Ryder System, Inc. Common Stock",23.827876288215055,3.034977,1.324,6.098,320.0,245.0,294.55557,300.0,2.09091,buy,5.711,0.562,0.646,293.609,0.03893,0.16697,0.086,0.05,0.1983,0.08455,2.1 - Buy,
CWST,"Casella Waste Systems, Inc.",23.8394372344224,3.2362657,3.341,15.592,130.0,91.0,111.8,111.5,1.72727,buy,0.436,0.783,0.993,91.623,0.017280001,0.00364,-0.259,0.169,0.3342,0.0499,1.7 - Buy,
NMPAU,NMP Acquisition Corp.,24.08796429913835,,,,,,,,,,,,,,,,,,,,,
NMRK,"Newmark Group, Inc.",24.096084853048723,,,,,,,,,,,,,,,,,,,,,
PENN,"PENN Entertainment, Inc.",24.22738988264385,,,,,,,,,,,,,,,,,,,,,
LBTYA,Liberty Global Ltd.,24.2346032970164,,,,,,,,,,,,,,,,,,,,,
ESLT,Elbit Systems Ltd.,29.291206717783965,7.2329574,3.719,32.325,960.0,518.0,816.3333,862.5,,none,20.59,0.886,1.395,19.325,0.0387,0.15237,0.342,0.159,0.25030002,0.09567001,,
TMUSZ,"T-Mobile US, Inc.",24.470856918414764,,,,,,,,,,,,,,,,,,,,,
SMX,SMX (Security Matters) Public Limited Company,24.498173927781007,,,,,,,,,,,,,,,,,,,,,
BGH,Barings Global Short Duration High Yield Fund Common Shares of Beneficial Interests,24.546339951706155,,,,,,,,,none,,,,,,,,,0.0,0.0,,
LBTYK,Liberty Global Ltd.,24.5626079316623,,,,,,,,,,,,,,,,,,,,,
QTTB,Q32 Bio Inc.,24.62111688227434,,,,,,,,,,,,,,,,,,,,,
GGAL,Grupo Financiero Galicia S.A.,24.770498927222604,9.853796,0.057,,103.0,50.0,66.5742,60.0,2.1,buy,4903.335,,,,0.002,0.010930001,0.12,-0.079,0.0,0.17318001,2.1 - Buy,
GIS,"General Mills, Inc. Common Stock",24.853179210985818,2.329422,1.661,8.899,45.0,30.0,37.0,37.5,3.05,hold,0.81,0.318,0.704,182.422,0.05646,-0.104949996,-0.667,-0.028,0.33728,0.15243,3.0 - Hold,
BFS,"Saul Centers, Inc. Common Stock",24.874491680003,6.7202864,8.93,14.954,47.0,39.0,43.0,43.0,,none,0.338,0.624,0.624,341.757,0.0356,0.09559,-0.267,0.084,0.70258003,0.41125,,
ARDC,"Ares Dynamic Credit Allocation Fund, Inc. Common Shares",24.937018246192494,,,,,,,,,none,,,,,,,,,0.0,0.0,,
SIGI,"Selective Insurance Group, Inc.",24.964998306304793,,,,,,,,,,,,,,,,,,,,,
KCHVU,Kochav Defense Acquisition Corp.,24.98458366828979,,,,,,,,,,,,,,,,,,,,,
BCAT,BlackRock Capital Allocation Term Trust Common Shares of Beneficial Interest,25.192317061541065,,,,,,,,,none,,,,,,,,,0.0,0.0,,
PEBO,Peoples Bancorp Inc.,25.356445377290676,,,,,,,,,,,,,,,,,,,,,
OPP,"RiverNorth/DoubleLine Strategic Opportunity Fund, Inc. Common Stock",25.462905330589773,,,,,,,,,none,,,,,,,,,0.0,0.0,,
UNIT,Uniti Group Inc.,25.504218072813046,,,,,,,,,,,,,,,,,,,,,
PAG,"Penske Automotive Group, Inc. Common Stock",25.590787170002677,2.2621183,0.698,16.113,225.0,205.0,212.14285,210.0,,none,1.058,0.17,0.975,160.647,0.04236,0.15842,-0.017,0.06,0.16149001,0.03966,,2.1138
UPBD,"Upbound Group, Inc.",25.610225793268633,,,,,,,,,,,,,,,,,,,,,
MGEE,MGE Energy Inc.,25.757901814139238,,,,,,,,,,,,,,,,,,,,,
PSF,"Cohen & Steers Select Preferred and Income Fund, Inc. Common Stock",25.771972682534855,,,,,,,,,none,,,,,,,,,0.0,0.0,,
SEVN,Seven Hills Realty Trust ,25.790232632607886,,,,,,,,,,,,,,,,,,,,,
RNA,"Atrium Therapeutics, Inc.",25.91006146046683,,,,,,,,,,,,,,,,,,,,,
EMO,ClearBridge Energy Midstream Opportunity Fund Inc. Common Stock,25.922295530034756,,,,,,,,,none,,,,,,,,,0.0,0.0,,
NCDL,Nuveen Churchill Direct Lending Corp. Common Stock,25.930176463665454,,,,16.0,12.0,13.7,13.5,,none,,,,,,,,,0.0,0.0,,
CPT,Camden Property Trust Common Stock,25.93877904402751,2.608895,9.371,16.582,132.0,102.0,115.42045,114.5,2.58333,hold,0.436,0.027,0.352,125.648,0.01867,0.07885,-0.757,-0.008,0.61619,0.16104001,2.6 - Hold,
ELS,"Equity Lifestyle Properties, Inc. Common Stock",25.958351995951418,6.4353485,9.36,19.285,78.0,59.0,70.05263,70.0,2.0,buy,0.074,0.029,0.139,182.359,0.05905,0.22877,0.191,0.064,0.53656,0.32112998,2.0 - Buy,4.3925
DHCNI,Diversified Healthcare Trust ,26.269192644848072,,,,,,,,,,,,,,,,,,,,,
OTLY,Oatly Group AB,26.28474990652941,,,,,,,,,,,,,,,,,,,,,
TRP,TC Energy Corporation Common Stock,26.306500292831075,,8.357,13.188,71.62543,57.709244,66.709045,70.79245,1.875,buy,2.477,0.409,0.61,170.37,0.03666,0.11826,0.183,0.057,0.69528,0.44251,1.9 - Buy,2.9744
WU,Western Union Company (The) Common Stock,26.433012856487366,2.0109067,0.896,4.345,8.5,5.0,6.875,6.5,3.61111,underperform,2.949,0.223,0.277,294.873,0.05118,0.43975,-0.351,-0.013,0.35094002,0.13038,3.6 - Underperform,10.2078
TZOO,Travelzoo,26.47695355391563,,,,,,,,,,,,,,,,,,,,,
RFMZ,"RiverNorth Flexible Municipal Income Fund II, Inc. Common Stock",26.517590354099102,,,,,,,,,none,,,,,,,,,0.0,0.0,,
UDR,"UDR, Inc. Common Stock",26.56654043184483,3.7224011,10.029,17.02,46.0,38.0,41.45238,41.0,2.36364,buy,0.009,0.002,0.178,156.144,0.022449998,0.13739,0.909,-0.001,0.66581,0.20177999,2.4 - Buy,
BBN,BlackRock Taxable Municipal Bond Trust Common Shares of Beneficial Interest,26.573106893814057,,,,,,,,,none,,,,,,,,,0.0,0.0,,
RAPP,"Rapport Therapeutics, Inc.",26.733563765206735,,,,,,,,,,,,,,,,,,,,,
TECX,"Tectonic Therapeutic, Inc.",26.73755729010991,,,,,,,,,,,,,,,,,,,,,
HYI,Western Asset High Yield Opportunity Fund Inc. Common Stock,26.775230214165123,,,,,,,,,none,,,,,,,,,0.0,0.0,,
WSBCO,"WesBanco, Inc.",26.7932597854746,,,,,,,,,,,,,,,,,,,,,
RUSHA,"Rush Enterprises, Inc.",26.822428530460908,,,,,,,,,,,,,,,,,,,,,
CMS,CMS Energy Corporation Common Stock,26.9493252564039,2.0713887,4.504,13.151,86.0,68.0,77.91667,77.5,2.26667,buy,0.769,0.413,0.936,185.604,0.02971,0.09158,-0.439,-0.005,0.40315,0.17167999,2.3 - Buy,2.2767
WTW,Willis Towers Watson Public Limited Company,26.966731741457956,,,,,,,,,,,,,,,,,,,,,
DFP,Flaherty & Crumrine Dynamic Preferred and Income Fund Inc. Common Stock,27.058223233009944,,,,,,,,,none,,,,,,,,,0.0,0.0,,
HROW,"Harrow, Inc.",27.063088147722986,,,,,,,,,,,,,,,,,,,,,
AM,Antero Midstream Corporation Common Stock,27.154846654600394,4.9194727,,,26.0,22.0,24.0,24.0,2.85714,hold,,0.828,0.842,185.545,0.076069996,0.19822,-0.08,0.083,0.79644996,0.52005,2.9 - Hold,
ENB,Enbridge Inc Common Stock,27.20524760881759,2.4619665,2.658,12.768,59.008324,44.83011,51.180267,49.874237,2.16667,buy,0.962,0.49,0.721,162.975,0.03288,0.092209995,-0.36,0.971,0.32594,0.101610005,2.2 - Buy,4.8867
SRV,NXG Cushing Midstream Energy Fund Common Shares of Beneficial Interest,27.284531282136353,,,,,,,,,none,,,,,,,,,0.0,0.0,,
NPCT,Nuveen Core Plus Impact Fund Common Shares of Beneficial Interest,27.285474571912715,,,,,,,,,none,,,,,,,,,0.0,0.0,,
TMUSI,"T-Mobile US, Inc.",27.286011326908337,,,,,,,,,,,,,,,,,,,,,
TNXP,Tonix Pharmaceuticals Holding Corp.,27.306869358186624,,,,,,,,,,,,,,,,,,,,,
JYNT,The Joint Corp.,27.35976563994931,,,,,,,,,,,,,,,,,,,,,
MEGI,NYLIM CBRE Global Infrastructure Megatrends Term Fund Common Shares,27.40218977445329,,,,,,,,,none,,,,,,,,,0.0,0.0,,
LYEL,"Lyell Immunopharma, Inc.",27.5921875388915,,,,,,,,,,,,,,,,,,,,,
IIIV,"i3 Verticals, Inc.",27.646764634574094,,,,,,,,,,,,,,,,,,,,,
VLY,Valley National Bancorp,27.88576014422818,,,,,,,,,,,,,,,,,,,,,
RNAC,"Cartesian Therapeutics, Inc.",27.979356241067354,,,,,,,,,,,,,,,,,,,,,
IDE,"Voya Infrastructure, Industrials and Materials Fund Common Shares of Beneficial Interest",28.07702602445329,,,,,,,,,none,,,,,,,,,0.0,0.0,,
REG,Regency Centers Corporation,28.0850822104702,,,,,,,,,,,,,,,,,,,,,
MPLT,"MapLight Therapeutics, Inc.",28.238545209277248,,,,,,,,,,,,,,,,,,,,,
PIII,P3 Health Partners Inc.,28.30692225330399,,,,,,,,,,,,,,,,,,,,,
JBSS,"John B. Sanfilippo & Son, Inc.",28.37148980066548,,,,,,,,,,,,,,,,,,,,,
EDD,"Morgan Stanley Emerging Markets Domestic Debt Fund, Inc. Common Stock",28.376106544023273,,,,,,,,,none,,,,,,,,,0.0,0.0,,
SION,"Sionna Therapeutics, Inc.",28.391198686824453,,,,,,,,,,,,,,,,,,,,,
SPG,"Simon Property Group, Inc. Common Stock",28.3943659087574,14.782415,13.663,18.503,285.0,207.0,234.44444,224.5,2.45,buy,3.15,0.264,0.266,503.504,0.05633,1.20508,-0.125,0.195,0.81426,0.46023998,2.5 - Buy,
RFIL,"RF Industries, Ltd.",28.42597851796181,,,,,,,,,,,,,,,,,,,,,
UMBF,UMB Financial Corporation,28.458711775586405,,,,,,,,,,,,,,,,,,,,,
NVO,Novo Nordisk A/S Common Stock,28.479159036927065,4.9862947,0.798,1.514,62.414097,39.439396,46.098297,44.001965,2.71429,hold,10.158,0.642,0.873,63.327,0.18729,0.59815,-0.206,0.021,0.81987,0.42540002,2.7 - Hold,4.3209
INNV,InnovAge Holding Corp.,28.492033172751754,,,,,,,,,,,,,,,,,,,,,
VTR,"Ventas, Inc. Common Stock",28.51589318959067,2.976995,8.863,23.896,113.0,90.0,101.81818,102.0,1.6087,buy,0.388,0.261,0.295,84.928,0.02169,0.02012,-0.067,0.217,0.39970002,0.14807999,1.6 - Buy,4.9384
SPFI,"South Plains Financial, Inc.",28.52394968157348,,,,,,,,,,,,,,,,,,,,,
WTFC,Wintrust Financial Corporation,28.53347054396863,,,,,,,,,,,,,,,,,,,,,
TFSL,TFS Financial Corporation,28.591546450252903,,,,,,,,,,,,,,,,,,,,,
GOF,Guggenheim Strategic Opportunities Fund Common Shares of Beneficial Interest,28.669164175767392,,,,,,,,,none,,,,,,,,,0.0,0.0,,
AEE,Ameren Corporation Common Stock,28.69394522089086,2.0098288,5.878,12.644,136.0,104.0,117.875,118.5,1.82353,buy,0.043,0.259,0.531,157.846,0.030569999,0.11943,0.119,-0.062,0.52408004,0.25236,1.8 - Buy,2.5039
MGTX,MeiraGTx Holdings plc,28.728073237471445,,,,,,,,,,,,,,,,,,,,,
UMBFO,UMB Financial Corporation,28.83838899626636,,,,,,,,,,,,,,,,,,,,,
ASGI,abrdn Global Infrastructure Income Fund Common Shares of Beneficial Interest,28.858863796654127,,,,,,,,,none,,,,,,,,,0.0,0.0,,
UNTY,"Unity Bancorp, Inc.",28.918292724461608,,,,,,,,,,,,,,,,,,,,,
MIRM,"Mirum Pharmaceuticals, Inc.",28.934056656702367,,,,,,,,,,,,,,,,,,,,,
MCHB,Mechanics Bancorp,28.939011521236758,,,,,,,,,,,,,,,,,,,,,
KTOS,"Kratos Defense & Security Solutions, Inc.",28.98750346048019,,,,,,,,,,,,,,,,,,,,,
BRX,Brixmor Property Group Inc. Common Stock,28.997601171579372,2.802884,9.767,14.812,42.0,30.0,35.13333,35.0,1.46667,strong_buy,0.557,0.577,0.596,176.202,0.03704,0.14413,-0.141,0.043,0.7515,0.36018002,1.5 - Strong Buy,
KINS,"Kingstone Companies, Inc",29.010678959371855,,,,,,,,,,,,,,,,,,,,,
MBIN,Merchants Bancorp,29.058968101673248,,,,,,,,,,,,,,,,,,,,,
OCUL,"Ocular Therapeutix, Inc.",29.06188364771432,,,,,,,,,,,,,,,,,,,,,
WSBF,"Waterstone Financial, Inc.",29.077896073448407,,,,,,,,,,,,,,,,,,,,,
POOL,Pool Corporation,29.08095037363526,,,,,,,,,,,,,,,,,,,,,
AD,"Array Digital Infrastructure, Inc. Common Shares",29.19862002006536,2.304223,17.344,69.787,45.0,40.0,43.33333,45.0,,none,4.815,0.941,0.95,94.166,0.00016000001,0.22676,10.505,0.895,0.58365,-0.12504,,15.0272
IMVT,"Immunovant, Inc. ",29.22206097863685,,,,,,,,,,,,,,,,,,,,,
PLD,"Prologis, Inc. Common Stock",29.271134097796992,2.257498,16.664,23.888,170.0,140.0,158.23077,160.0,2.0,buy,1.893,0.488,0.649,63.823,0.02516,0.07749,0.853,0.123,0.75549006,0.43030998,2.0 - Buy,116.6137
IRON,"Disc Medicine, Inc.",29.344548721752712,,,,,,,,,,,,,,,,,,,,,
SMID,Smith-Midland Corporation,29.36698643174161,,,,,,,,,,,,,,,,,,,,,
TRVI,"Trevi Therapeutics, Inc.",29.377238695939283,,,,,,,,,,,,,,,,,,,,,
NGNE,Neurogene Inc.,29.39926653959308,,,,,,,,,,,,,,,,,,,,,
IMCR,Immunocore Holdings plc,29.489288466789866,,,,,,,,,,,,,,,,,,,,,
REGCO,Regency Centers Corporation,29.550540869122777,,,,,,,,,,,,,,,,,,,,,
SLM,SLM Corporation,29.57300473256964,,,,,,,,,,,,,,,,,,,,,
HOVNP,Hovnanian Enterprises Inc,29.590359612849465,,,,,,,,,,,,,,,,,,,,,
MIDD,The Middleby Corporation,29.612012242188456,,,,,,,,,,,,,,,,,,,,,
NEWT,"NewtekOne, Inc.",29.64134664988134,,,,,,,,,,,,,,,,,,,,,
ISTR,Investar Holding Corporation,29.69247264138477,,,,,,,,,,,,,,,,,,,,,
YORW,The York Water Company,29.697005155374217,,,,,,,,,,,,,,,,,,,,,
PATK,"Patrick Industries, Inc.",29.85005888115362,,,,,,,,,,,,,,,,,,,,,
OZK,Bank OZK,29.893576183394206,,,,,,,,,,,,,,,,,,,,,
INTG,The Intergroup Corporation,29.910521720185102,,,,,,,,,,,,,,,,,,,,,
WSBC,"WesBanco, Inc.",29.91719595213475,,,,,,,,,,,,,,,,,,,,,
TACOU,Berto Acquisition Corp.,29.939804608299873,,,,,,,,,,,,,,,,,,,,,
NSC,Norfolk Southern Corporation Common Stock,29.951217619241056,4.270197,6.817,15.095,414.0,297.0,363.5,369.5,2.57143,hold,4.759,0.666,0.831,105.519,0.05953,0.16985,-0.044,0.114,0.45159,0.35296002,2.6 - Hold,3.7182
