Ticker 09/10/2026 07:47,name,rsi,priceToBook,enterpriseToRevenue,enterpriseToEbitda,targetHighPrice,targetLowPrice,targetMeanPrice,targetMedianPrice,recommendationMean,recommendationKey,totalCashPerShare,quickRatio,currentRatio,debtToEquity,returnOnAssets,returnOnEquity,earningsGrowth,revenueGrowth,grossMargins,operatingMargins,averageAnalystRating,trailingPegRatio
MGF,Aberdeen Government Markets Income Fund Common Shares of Beneficial Interest,96.0968722440198,4.52824,,,,,,,,none,,0.557,0.562,,0.01954,0.04054,,-0.073,1.0,0.78998,,
GIBO,GIBO Holdings Limited,86.56021053310019,465.7377,,-484.65,,,,,,none,0.0,0.064,0.575,3.649,,,,,0.0,0.0,,
WBD,"Warner Bros. Discovery, Inc.",75.2230097041583,2.3638585,2.976,13.791,31.25,27.75,30.625,31.0,2.66667,hold,1.359,0.406,0.777,94.199,0.01708,-0.08786,-0.906,-0.112,0.47811002,0.05105,2.7 - Hold,55.1758
VEON,VEON Ltd.,72.3999278583233,3.5493228,1.866,4.801,100.0,73.52299,86.87471,85.0,1.0,strong_buy,39.05,0.803,0.968,304.685,0.08538,0.07492,-0.789,0.169,0.87074,0.25806,1.0 - Strong Buy,
UVE,UNIVERSAL INSURANCE HOLDINGS INC Common Stock,71.60712132990562,2.0515397,0.536,2.855,45.0,45.0,45.0,45.0,3.0,hold,19.122,0.251,0.571,15.358,0.05685,0.40165,0.686,0.067,0.25866,0.19111,3.0 - Hold,
BOW,Bowhead Specialty Holdings Inc. Common Stock,70.36236036908053,2.3701952,1.838,12.133,36.0,34.0,34.33333,34.0,,none,4.303,0.131,0.488,31.412,0.024600001,0.14101,0.333,0.23,0.31804,0.15079,,
CHPGU,ChampionsGate Acquisition Corporation,99.99417549345145,-58.8764,,,,,,,,none,0.002,0.047,0.198,,,,,,0.0,0.0,,
LPBBU,Launch Two Acquisition Corp.,99.46019378254708,-26.22596,,,,,,,,none,0.001,0.021,0.105,,,,-0.509,,0.0,0.0,,
WTGUU,Wintergreen Acquisition Corp.,97.68299926373273,42.19331,,,,,,,,none,0.141,7.788,450.84,,,,0.514,,0.0,0.0,,
CVI,CVR Energy Inc. Common Stock,81.90996601127264,11.401762,0.858,9.425,53.0,29.0,37.6,36.0,4.16667,underperform,7.331,0.879,1.418,241.801,0.055040002,0.24254999,,0.555,0.10905,0.02849,4.2 - Underperform,
MIN,Aberdeen Intermediate Income Fund Common Shares of Beneficial Interest,95.29423903929532,5.031101,,,,,,,,none,,2.616,2.616,,0.01975,0.05785,-0.409,-0.023,1.0,0.81281996,,
PTC,PTC Inc.,80.83774450657278,6.181754,7.541,17.459,205.0,170.0,201.0,205.0,2.88235,hold,3.239,0.889,1.025,46.335,0.11537,0.35053003,-0.12,-0.068,0.84501,0.28232,2.9 - Hold,1.3113
IDT,IDT Corporation Class B Common Stock,77.67280098366703,5.309065,1.359,13.517,85.0,85.0,85.0,85.0,1.0,strong_buy,10.948,0.946,1.862,0.385,0.11,0.25757998,0.3,0.071,0.38275,0.100150004,1.0 - Strong Buy,
HSTM,"HealthStream, Inc.",77.40207777924962,2.6623483,2.791,19.958,40.0,29.0,34.5,34.5,2.2,buy,2.282,0.844,1.062,3.766,0.03218,0.059959996,0.284,0.125,0.65081,0.099379994,2.2 - Buy,2.8196
OPCH,"Option Care Health, Inc.",83.76610114930806,3.6911554,1.005,14.125,39.0,23.0,30.39375,32.05,2.72727,hold,1.314,0.91,1.465,100.649,0.061690003,0.15999,0.129,0.019,0.19058001,0.05903,2.7 - Hold,1.1226
PMI,"Picard Medical, Inc. Common Stock",73.56024352184058,11.592815,3.838,-1.564,,,,,,none,0.016,0.088,1.019,91.958,-0.93614995,,,0.386,0.18603,-1.5670301,,
NTAP,"NetApp, Inc.",71.80384435561812,30.289722,5.999,21.165,300.0,170.0,211.6875,197.0,2.2,buy,18.206,0.994,1.242,169.498,0.116560005,1.14818,0.635,0.299,0.70625997,0.26667,2.2 - Buy,2.1387
CD,Chaince Digital Holdings Inc.,86.61009686282566,18.52292,448.702,-257.591,,,,,,none,0.398,25.433,27.527,2.03,-0.06374,-0.077259995,,0.984,0.59834,-3.01828,,
PCRX,"Pacira BioSciences, Inc.",85.07173167437008,2.156572,2.16,13.001,38.0,23.0,31.38889,32.0,2.11111,buy,6.298,3.213,5.042,61.329,0.01476,0.020480001,,0.062,0.79206,0.06165,2.1 - Buy,
KOD,Kodiak Sciences Inc,81.39113577693934,96.776184,,-25.28,145.0,96.0,116.66667,116.0,1.42857,strong_buy,2.007,2.386,2.489,86.349,-0.60446,-3.68371,,,0.0,0.0,1.4 - Strong Buy,
MPC,Marathon Petroleum Corporation Common Stock,79.62728988240791,6.8734603,1.059,10.605,510.0,236.0,388.8889,406.5,2.36842,buy,27.661,0.857,1.25,133.328,0.087390006,0.42099,3.48,0.537,0.12819,0.13561,2.4 - Buy,0.8956
VLO,Valero Energy Corporation Common Stock,77.11890605371772,5.1111364,1.016,10.055,467.0,238.0,386.6842,411.0,2.45,buy,27.347,1.047,1.636,40.148,0.105579995,0.27637,4.535,0.517,0.16118999,0.12269,2.5 - Buy,1.8505
RXO,"RXO, Inc. Common Stock",80.69054382360316,3.1679807,0.901,59.612,33.0,13.0,27.03571,30.0,2.66667,hold,0.091,1.189,1.268,48.34,-0.00263,-0.06787,,0.25,0.14912,0.00676,2.7 - Hold,172.1333
HAE,Haemonetics Corporation Common Stock,76.59432261253755,6.4897604,4.723,17.797,140.0,86.0,118.0,118.5,1.72727,buy,4.935,1.674,3.08,140.265,0.06598,0.111999996,0.029,0.056,0.59331,0.17932,1.7 - Buy,1.6923
ECO,Okeanis Eco Tankers Corp. Common Stock,77.09174922612615,4.202002,5.927,8.737,100.0,100.0,100.0,100.0,1.0,strong_buy,5.701,3.72,4.434,82.334,0.20149,0.61592,6.063,2.394,0.72326,0.74973,1.0 - Strong Buy,
INSW,"International Seaways, Inc. Common Stock ",77.05724551826458,2.6630232,4.977,7.743,140.0,88.0,119.83333,125.0,1.33333,strong_buy,8.265,5.648,5.944,28.815,0.15758,0.37412,3.731,1.401,0.725,0.64219004,1.3 - Strong Buy,
ITGR,Integer Holdings Corporation Common Stock,76.07340520578938,2.504796,3.064,16.245,127.0,101.0,121.8,127.0,,none,0.629,2.207,3.733,79.391,0.03856,0.075040005,-0.337,-0.026,0.2613,0.10024,,2.8048
ELPC,Companhia Paranaense de Energia (COPEL) American Depositary Shares (each representing four (4) Common Shares),75.42340963132943,9.584361,2.321,9.507,22.0,14.0,17.0,15.0,,none,1.031,1.053,1.302,97.604,0.05447,0.12764,0.5,0.111,0.20426,0.2214,,
SHPH,"Shuttle Pharmaceuticals Holdings, Inc.",74.99400882942471,0.9207034,,-2.747,,,,,,none,0.019,0.026,0.114,1.017,-0.49537998,-0.90050006,,,0.0,0.0,,
OKTA,"Okta, Inc.",71.73220519443866,5.5208464,11.797,112.932,250.0,127.0,212.24907,223.0,1.65909,buy,13.151,1.376,1.525,0.76,0.01579,0.043130003,0.757,0.106,0.78132004,0.13292,1.7 - Buy,1.6978
MKTX,"MarketAxess Holdings, Inc.",78.11429973190577,4.6672344,6.471,12.943,167.0,124.0,158.0,167.0,,none,9.84,6.516,7.465,14.275,0.10153,0.2314,0.01,-0.005,0.61662996,0.41862,,1.2288
SAFT,"Safety Insurance Group, Inc.",73.61446479830059,1.7408928,1.18,15.885,,,,,,none,4.626,0.266,0.385,6.818,0.0231,0.07842,0.21,0.03,0.07645,0.13685,,
HAFN,Hafnia Limited Common Shares,73.52947256810423,2.0463977,2.264,8.392,12.0,11.0,11.5,11.5,1.5,strong_buy,0.542,1.331,1.655,33.41,0.09653,0.26612,2.667,0.472,0.31902,0.29506,1.5 - Strong Buy,
PSX,Phillips 66 Common Stock,74.74372307473237,3.5664532,0.855,13.101,340.0,173.0,257.6842,264.0,2.1,buy,10.273,0.862,1.32,62.884,0.06036,0.23452999,3.449,0.531,0.13098,0.08529,2.1 - Buy,0.8205
DSGR,"Distribution Solutions Group, Inc.",72.73216603806148,2.4766948,1.169,15.326,35.0,35.0,35.0,35.0,,none,1.447,1.219,2.545,129.136,0.028380001,0.013739999,0.669,0.11,0.32701,0.05452,,
LIND,Lindblad Expeditions Holdings Inc. ,72.71482064494778,-11.8902645,3.274,20.324,40.0,29.0,35.5,37.0,,none,4.86,0.608,0.844,,0.04109,,,0.186,0.4665,0.06,,
RCEL,"Avita Medical, Inc.",72.49552939681637,-14.811111,5.945,-13.722,13.7019205,10.823735,12.0672455,11.676091,,none,0.36,0.306,0.413,,-0.41564,,,0.178,0.81557,-0.31587,,
PENG,"Penguin Solutions, Inc.",72.39526716072955,8.3522,2.542,19.429,100.0,60.0,83.57143,85.0,1.71429,buy,11.631,1.207,1.88,114.455,0.05015,0.27562,11.887,0.677,0.27632,0.12258001,1.7 - Buy,
SNPS,"Synopsys, Inc.",72.31923685195028,3.0614378,10.898,49.444,700.0,414.77,570.5712,580.0,1.32,strong_buy,18.826,1.166,1.337,34.804,0.01353,0.03661,0.893,0.424,0.82921,0.14521,1.3 - Strong Buy,2.1917
CRVL,CorVel Corp.,71.73301551201506,9.448088,3.689,19.712,,,,,,none,5.065,1.411,1.941,6.944,0.14682001,0.30697,0.212,0.107,0.24792999,0.16674,,
GSHR,Gesher Acquisition Corp. II,71.43061041986581,-43.04878,,,,,,,,none,0.015,0.745,0.999,,,,-0.283,,0.0,0.0,,
ATKR,Atkore Inc. Common Stock,71.06737197305736,2.5097249,1.285,12.877,95.0,92.0,93.5,93.5,3.0,hold,10.251,1.914,2.734,71.58,0.03999,-0.11868,-0.984,0.081,0.2059,0.09663,3.0 - Hold,
TCI,"Transcontinental Realty Investors, Inc. Common Stock",70.66716235944675,,12.481,129.301,,,,,,none,1.22,3.724,3.988,24.795,-0.00509,0.01002,,0.058,0.38358003,-0.18219,,
RGC,Regencell Bioscience Holdings Limited,70.4964194080105,3814.9998,,-323.759,,,,,,none,0.029,10.746,10.769,2.216,-0.71542,-1.28525,,,0.0,0.0,,
NAT,Nordic American Tankers Limited Common Stock,70.43844070303676,3.8031914,5.632,12.759,10.0,5.0,7.5,7.5,3.0,hold,0.629,2.266,3.274,85.123,0.07165,0.25658,,0.975,0.53238,0.51907,3.0 - Hold,
WENNU,Wen Acquisition Corp,97.97218177932355,-28.679247,,,,,,,,none,0.007,1.231,1.975,,,,0.264,,0.0,0.0,,
DINO,HF Sinclair Corporation Common Stock,73.75685227969517,2.08674,0.724,7.051,145.0,73.0,106.46667,100.0,2.5625,hold,12.723,1.07,1.971,32.261,0.09156,0.19504999,3.502,0.532,0.12892,0.11694,2.6 - Hold,1.1331
DT,"Dynatrace, Inc. Common Stock",70.39308730625771,7.240848,7.976,57.355,75.0,42.0,60.70588,61.5,1.72973,buy,3.837,1.043,1.208,6.499,0.04167,0.058790002,-0.249,0.162,0.81597,0.12889,1.7 - Buy,1.1916
PRTH,"Priority Technology Holdings, Inc.",78.32554919637009,-8.116546,1.578,7.849,8.05,8.0,8.03333,8.05,3.0,hold,1.459,0.144,1.102,,0.03973,,-0.129,0.094,0.39352,0.13184,3.0 - Hold,
CRAQU,Cal Redwood Acquisition Corp.,92.24346894903958,-38.913044,,,,,,,,none,0.026,2.065,2.403,,,,0.541,,0.0,0.0,,
HCACU,Hall Chadwick Acquisition Corp.,91.59168239772215,-80.0,,,,,,,,none,0.001,10.602,11.934,,,,,,0.0,0.0,,
UTZ,Utz Brands Inc Class A Common Stock ,75.12677365032567,1.8221147,1.969,31.538,15.0,14.0,14.3125,14.25,,none,0.661,0.535,1.063,78.587,0.00065,-0.03113,,0.014,0.25614,0.02152,,
MAT,"Mattel, Inc.",72.29164792443012,2.3706033,1.268,10.65,28.0,11.0,18.16667,18.0,2.0,buy,1.834,1.042,1.902,137.445,0.04731,0.20497,,0.105,0.47605,0.01323,2.0 - Buy,0.906
HZO,"MarineMax, Inc.  (FL) Common Stock",72.78669347398645,1.2157681,0.958,18.325,53.0,35.0,49.4,53.0,2.77778,hold,7.913,0.311,1.234,115.137,0.01651,0.00497,,-0.07,0.34210998,0.060890004,2.8 - Hold,
VRA,"Vera Bradley, Inc.",72.44798951483385,1.1012356,0.665,-125.228,5.0,5.0,5.0,5.0,,none,1.194,0.917,2.441,53.632,-0.02138,-0.07355,,0.011,0.50426996,0.05898,,
PBF,PBF Energy Inc. Class A Common Stock,70.87201369604355,1.6526082,0.359,12.746,99.0,55.0,77.0,75.0,3.35714,hold,7.543,0.616,1.33,38.424,0.031040002,0.23228,,0.562,0.050430004,0.08801,3.4 - Hold,
WHLRP,"Wheeler Real Estate Investment Trust, Inc.",78.5109616374741,-0.018495852,5.946,11.38,,,,,,none,594.036,2.653,4.441,451.731,0.031140001,0.22565001,,-0.139,0.66862,0.32096002,,
INTR,Inter & Co. Inc.,77.80905915026278,1.5871235,2.602,,11.6,5.0,8.7678,8.789,2.0,buy,14.198,,,,0.017280001,0.16198999,0.324,0.238,0.0,0.29732,2.0 - Buy,
NTWK,NETSOL Technologies Inc.,77.22009395245156,1.9247929,0.838,7.614,,,,,,none,2.269,1.955,2.058,18.714,0.0619,0.12187,0.456,0.125,0.52638,0.21621001,,
WEYS,"Weyco Group, Inc.",74.93265613658146,1.9218975,1.443,8.827,,,,,,none,10.12,5.585,7.545,3.575,0.08769,0.13807,4.838,0.069,0.49076,0.27462,,
LFCR,"Lifecore Biomedical, Inc.",74.92671991235648,-7.1128316,3.342,52.5,6.28,6.28,6.28,6.28,3.0,hold,0.455,2.176,3.491,971.696,,,,,0.31367,0.07513,3.0 - Hold,
GPMT,Granite Point Mortgage Trust Inc. Common Stock,74.73217864035738,0.072068095,-32.065,,15.0,12.5,13.75,13.75,3.0,hold,12.133,4.032,4.185,198.404,-0.04828,-0.1533,,,0.0,1.23792,3.0 - Hold,
JAKK,"JAKKS Pacific, Inc.",74.0942480876036,1.2909778,0.526,11.616,30.0,27.0,28.5,28.5,1.5,strong_buy,5.2,1.254,1.715,18.809,0.021189999,0.06667,,0.169,0.33972,-0.00102,1.5 - Strong Buy,
DAC,Danaos Corporation Common Stock,73.18293731155946,0.76380473,2.917,4.56,174.0,155.0,164.5,164.5,1.0,strong_buy,67.648,8.662,9.3,29.844,0.06392,0.14140001,0.169,0.047,0.70769995,0.48375,1.0 - Strong Buy,
VREX,Varex Imaging Corporation,72.78173272589049,1.5676455,1.238,10.761,18.9,18.9,18.9,18.9,,none,2.378,1.306,3.378,74.3,0.04152,0.04592,,0.037,0.34324002,0.10831001,,
FSEA,"First Seacoast Bancorp, Inc.",72.40475799971556,1.1793259,7.588,,,,,,,none,1.166,,,,7e-05,0.00071000005,,0.082,0.0,0.02388,,
PXS,Pyxis Tankers Inc.,72.19894861968727,0.8565085,2.717,5.596,11.5,11.5,11.5,11.5,1.0,strong_buy,5.679,4.636,4.721,77.864,0.04247,0.09203,,0.326,0.60051996,0.36245,1.0 - Strong Buy,
EBF,"Ennis, Inc. Common Stock",71.7382691803694,1.829955,1.332,7.553,24.0,24.0,24.0,24.0,,none,2.133,2.329,3.786,2.182,0.091029994,0.12571,-0.275,0.034,0.30632,0.13312,,
STNE,StoneCo Ltd.,71.657003896906,1.5184739,0.845,1.684,24.105045,8.233806,15.393838,15.409766,2.17647,buy,35.546,1.133,1.262,187.682,0.06863,0.33968,-0.166,0.016,0.71558,0.39575002,2.2 - Buy,
KRNT,Kornit Digital Ltd.,70.3672766476312,1.1871445,1.7,-15.336,29.0,19.0,25.0,26.0,,none,10.024,7.972,8.806,2.75,-0.0301,-0.029660001,,0.112,0.44185,-0.23784,,
CBZ,"CBIZ, Inc. Common Stock",71.10531482899434,1.5834947,1.756,12.689,55.0,55.0,55.0,55.0,,none,0.392,1.072,1.468,102.081,0.03943,0.064959995,-0.53,-0.002,0.15204,0.04978,,1.216
BSET,"Bassett Furniture Industries, Incorporated",74.9654432221435,1.1382923,0.648,12.319,24.0,22.0,23.0,23.0,1.0,strong_buy,6.172,0.982,1.95,50.151,0.01712,0.04103,1.667,0.034,0.56638,0.03286,1.0 - Strong Buy,0.6782
